year,reporting_period,total_fatalities,fatalities_intersection,fatalities_midblock,fatalities_unattributed,injuries_intersection,injuries_midblock,pct_injuries_at_intersections
2010,Pre-CRC (police reports),27,13,14,0,3314,1307,71.7
2011,Pre-CRC (police reports),22,12,9,1,3010,1256,70.6
2012,Pre-CRC (police reports),27,5,22,0,3003,1200,71.4
2013,Pre-CRC (police reports),23,11,12,0,2825,1127,71.5
2014,Pre-CRC (police reports),23,10,13,0,2515,1028,71.0
2015,Pre-CRC (police reports),32,18,13,1,2727,948,74.2
2016,Pre-CRC (police reports),22,11,10,1,2368,778,75.3
2017,Pre-CRC (police reports),27,13,13,1,2393,822,74.4
2018,Pre-CRC (police reports),19,8,11,0,2302,848,73.1
2019,Pre-CRC (police reports),14,8,6,0,1813,613,74.7
2020,Pre-CRC (police reports),12,2,10,0,1321,456,74.3
2021,Pre-CRC (police reports),16,6,9,1,1507,472,76.1
2022,Transition (CRC from Sep 2022),14,6,8,0,3571,1026,77.7
2023,CRC,24,12,12,0,7741,3147,71.1
