year,month,month_name,hour_of_day,collisions,fatal_serious_collisions,same_month_other_years_avg
2019,1,JANUARY,0,18,0,13.8
2019,1,JANUARY,1,9,0,9.3
2019,1,JANUARY,2,12,2,11.3
2019,1,JANUARY,3,8,1,6.8
2019,1,JANUARY,4,5,0,10.3
2019,1,JANUARY,5,20,0,18.0
2019,1,JANUARY,6,61,0,55.0
2019,1,JANUARY,7,199,1,134.3
2019,1,JANUARY,8,160,3,127.3
2019,1,JANUARY,9,119,1,94.0
2019,1,JANUARY,10,112,2,100.5
2019,1,JANUARY,11,136,1,138.8
2019,1,JANUARY,12,168,3,151.5
2019,1,JANUARY,13,153,1,139.0
2019,1,JANUARY,14,125,0,165.3
2019,1,JANUARY,15,206,2,188.8
2019,1,JANUARY,16,218,0,175.0
2019,1,JANUARY,17,185,1,165.0
2019,1,JANUARY,18,119,1,113.8
2019,1,JANUARY,19,79,1,66.5
2019,1,JANUARY,20,61,1,48.3
2019,1,JANUARY,21,44,0,36.0
2019,1,JANUARY,22,45,0,25.0
2019,1,JANUARY,23,73,1,50.0
2019,2,FEBRUARY,0,26,0,11.8
2019,2,FEBRUARY,1,18,0,7.5
2019,2,FEBRUARY,2,14,1,5.8
2019,2,FEBRUARY,3,13,0,7.8
2019,2,FEBRUARY,4,9,0,7.5
2019,2,FEBRUARY,5,21,0,17.8
2019,2,FEBRUARY,6,84,0,38.8
2019,2,FEBRUARY,7,228,1,108.0
2019,2,FEBRUARY,8,318,1,142.8
2019,2,FEBRUARY,9,202,1,89.8
2019,2,FEBRUARY,10,221,1,94.5
2019,2,FEBRUARY,11,264,1,106.3
2019,2,FEBRUARY,12,260,0,108.0
2019,2,FEBRUARY,13,235,1,97.8
2019,2,FEBRUARY,14,254,1,126.3
2019,2,FEBRUARY,15,362,3,165.3
2019,2,FEBRUARY,16,388,0,158.8
2019,2,FEBRUARY,17,233,1,118.5
2019,2,FEBRUARY,18,156,2,83.3
2019,2,FEBRUARY,19,106,0,54.0
2019,2,FEBRUARY,20,77,0,46.8
2019,2,FEBRUARY,21,89,0,35.0
2019,2,FEBRUARY,22,59,2,21.5
2019,2,FEBRUARY,23,84,2,42.8
2019,3,MARCH,0,16,0,13.0
2019,3,MARCH,1,12,0,8.0
2019,3,MARCH,2,4,0,9.8
2019,3,MARCH,3,7,0,8.0
2019,3,MARCH,4,12,0,6.8
2019,3,MARCH,5,27,1,14.5
2019,3,MARCH,6,58,0,34.3
2019,3,MARCH,7,130,0,72.5
2019,3,MARCH,8,186,1,111.8
2019,3,MARCH,9,115,2,62.0
2019,3,MARCH,10,96,1,66.5
2019,3,MARCH,11,128,0,81.8
2019,3,MARCH,12,115,0,76.0
2019,3,MARCH,13,124,0,81.0
2019,3,MARCH,14,117,1,91.3
2019,3,MARCH,15,157,2,125.5
2019,3,MARCH,16,201,1,141.0
2019,3,MARCH,17,177,4,112.3
2019,3,MARCH,18,85,2,61.3
2019,3,MARCH,19,51,3,42.5
2019,3,MARCH,20,43,0,34.8
2019,3,MARCH,21,42,0,31.0
2019,3,MARCH,22,29,0,24.3
2019,3,MARCH,23,57,0,38.0
2019,4,APRIL,0,12,0,9.3
2019,4,APRIL,1,12,0,7.3
2019,4,APRIL,2,8,2,7.8
2019,4,APRIL,3,11,0,5.5
2019,4,APRIL,4,7,0,6.8
2019,4,APRIL,5,11,0,11.0
2019,4,APRIL,6,21,1,24.0
2019,4,APRIL,7,87,2,50.8
2019,4,APRIL,8,58,0,57.8
2019,4,APRIL,9,56,0,31.3
2019,4,APRIL,10,57,0,39.8
2019,4,APRIL,11,76,1,59.8
2019,4,APRIL,12,65,1,59.5
2019,4,APRIL,13,75,0,73.8
2019,4,APRIL,14,81,4,69.5
2019,4,APRIL,15,113,0,97.0
2019,4,APRIL,16,130,0,107.0
2019,4,APRIL,17,107,1,83.8
2019,4,APRIL,18,71,0,52.3
2019,4,APRIL,19,49,1,44.3
2019,4,APRIL,20,26,1,24.0
2019,4,APRIL,21,29,1,23.5
2019,4,APRIL,22,22,1,19.0
2019,4,APRIL,23,42,0,31.3
2019,5,MAY,0,15,0,11.5
2019,5,MAY,1,11,2,9.8
2019,5,MAY,2,5,0,7.5
2019,5,MAY,3,3,0,8.3
2019,5,MAY,4,1,1,7.0
2019,5,MAY,5,10,0,9.3
2019,5,MAY,6,55,0,21.8
2019,5,MAY,7,69,0,57.3
2019,5,MAY,8,108,0,70.5
2019,5,MAY,9,45,2,40.3
2019,5,MAY,10,56,0,48.3
2019,5,MAY,11,69,0,67.8
2019,5,MAY,12,75,0,66.5
2019,5,MAY,13,81,2,72.5
2019,5,MAY,14,89,0,93.8
2019,5,MAY,15,125,3,111.5
2019,5,MAY,16,145,1,125.5
2019,5,MAY,17,146,3,106.0
2019,5,MAY,18,62,1,64.0
2019,5,MAY,19,41,0,43.8
2019,5,MAY,20,33,0,31.0
2019,5,MAY,21,28,0,23.3
2019,5,MAY,22,31,1,22.3
2019,5,MAY,23,49,0,36.0
2019,6,JUNE,0,24,2,14.8
2019,6,JUNE,1,10,0,10.8
2019,6,JUNE,2,5,0,6.5
2019,6,JUNE,3,6,0,9.8
2019,6,JUNE,4,7,0,9.8
2019,6,JUNE,5,10,0,12.8
2019,6,JUNE,6,22,1,24.8
2019,6,JUNE,7,56,0,59.3
2019,6,JUNE,8,94,0,72.8
2019,6,JUNE,9,56,2,54.5
2019,6,JUNE,10,43,1,56.8
2019,6,JUNE,11,63,0,80.3
2019,6,JUNE,12,73,0,76.3
2019,6,JUNE,13,99,2,86.0
2019,6,JUNE,14,101,3,108.0
2019,6,JUNE,15,146,3,150.3
2019,6,JUNE,16,175,4,157.5
2019,6,JUNE,17,156,4,122.5
2019,6,JUNE,18,100,5,75.3
2019,6,JUNE,19,43,0,49.8
2019,6,JUNE,20,30,1,39.0
2019,6,JUNE,21,26,1,30.3
2019,6,JUNE,22,29,1,21.3
2019,6,JUNE,23,38,1,52.8
2019,7,JULY,0,16,1,17.8
2019,7,JULY,1,11,2,15.5
2019,7,JULY,2,7,1,11.3
2019,7,JULY,3,7,0,11.8
2019,7,JULY,4,5,0,10.0
2019,7,JULY,5,14,0,13.0
2019,7,JULY,6,32,1,22.3
2019,7,JULY,7,57,0,47.0
2019,7,JULY,8,65,0,55.0
2019,7,JULY,9,56,0,45.3
2019,7,JULY,10,52,1,57.0
2019,7,JULY,11,71,2,79.3
2019,7,JULY,12,81,2,75.8
2019,7,JULY,13,104,1,89.5
2019,7,JULY,14,110,3,96.5
2019,7,JULY,15,124,1,112.8
2019,7,JULY,16,169,3,145.0
2019,7,JULY,17,154,4,127.0
2019,7,JULY,18,81,1,75.3
2019,7,JULY,19,50,0,54.8
2019,7,JULY,20,51,2,41.5
2019,7,JULY,21,30,1,28.5
2019,7,JULY,22,24,0,27.3
2019,7,JULY,23,36,1,53.3
2019,8,AUGUST,0,8,0,16.0
2019,8,AUGUST,1,11,1,12.0
2019,8,AUGUST,2,1,0,9.3
2019,8,AUGUST,3,4,0,8.3
2019,8,AUGUST,4,3,0,10.5
2019,8,AUGUST,5,10,1,14.8
2019,8,AUGUST,6,22,1,30.0
2019,8,AUGUST,7,73,0,54.5
2019,8,AUGUST,8,55,1,46.0
2019,8,AUGUST,9,51,1,50.0
2019,8,AUGUST,10,58,2,60.0
2019,8,AUGUST,11,88,3,79.3
2019,8,AUGUST,12,87,0,80.5
2019,8,AUGUST,13,104,0,90.5
2019,8,AUGUST,14,101,1,111.0
2019,8,AUGUST,15,144,1,122.5
2019,8,AUGUST,16,157,3,156.3
2019,8,AUGUST,17,136,0,138.8
2019,8,AUGUST,18,73,2,83.5
2019,8,AUGUST,19,52,4,57.3
2019,8,AUGUST,20,42,1,39.3
2019,8,AUGUST,21,29,1,40.5
2019,8,AUGUST,22,33,1,30.8
2019,8,AUGUST,23,49,2,51.5
2019,9,SEPTEMBER,0,23,0,14.0
2019,9,SEPTEMBER,1,10,0,8.5
2019,9,SEPTEMBER,2,6,1,8.5
2019,9,SEPTEMBER,3,5,0,8.5
2019,9,SEPTEMBER,4,4,0,9.0
2019,9,SEPTEMBER,5,7,0,14.8
2019,9,SEPTEMBER,6,45,0,38.0
2019,9,SEPTEMBER,7,116,1,91.5
2019,9,SEPTEMBER,8,116,0,107.0
2019,9,SEPTEMBER,9,63,1,54.5
2019,9,SEPTEMBER,10,73,1,60.0
2019,9,SEPTEMBER,11,77,1,85.5
2019,9,SEPTEMBER,12,89,0,87.0
2019,9,SEPTEMBER,13,92,0,84.5
2019,9,SEPTEMBER,14,108,0,112.3
2019,9,SEPTEMBER,15,147,3,144.8
2019,9,SEPTEMBER,16,196,2,166.0
2019,9,SEPTEMBER,17,150,2,129.8
2019,9,SEPTEMBER,18,73,0,84.8
2019,9,SEPTEMBER,19,40,0,57.8
2019,9,SEPTEMBER,20,46,3,50.8
2019,9,SEPTEMBER,21,44,0,50.0
2019,9,SEPTEMBER,22,25,1,22.0
2019,9,SEPTEMBER,23,50,1,46.0
2019,10,OCTOBER,0,14,1,11.0
2019,10,OCTOBER,1,6,0,9.0
2019,10,OCTOBER,2,7,1,11.5
2019,10,OCTOBER,3,8,2,13.8
2019,10,OCTOBER,4,6,0,14.5
2019,10,OCTOBER,5,17,1,18.3
2019,10,OCTOBER,6,43,2,44.3
2019,10,OCTOBER,7,130,4,104.8
2019,10,OCTOBER,8,97,0,107.0
2019,10,OCTOBER,9,51,1,76.3
2019,10,OCTOBER,10,57,2,70.5
2019,10,OCTOBER,11,68,0,75.8
2019,10,OCTOBER,12,113,3,87.0
2019,10,OCTOBER,13,81,0,90.0
2019,10,OCTOBER,14,113,1,103.0
2019,10,OCTOBER,15,132,1,144.8
2019,10,OCTOBER,16,172,3,145.3
2019,10,OCTOBER,17,159,1,133.8
2019,10,OCTOBER,18,97,3,80.0
2019,10,OCTOBER,19,78,3,64.0
2019,10,OCTOBER,20,64,1,49.3
2019,10,OCTOBER,21,34,1,36.5
2019,10,OCTOBER,22,21,0,23.5
2019,10,OCTOBER,23,44,0,34.3
2019,11,NOVEMBER,0,27,1,13.3
2019,11,NOVEMBER,1,12,0,10.8
2019,11,NOVEMBER,2,11,0,11.8
2019,11,NOVEMBER,3,5,0,11.8
2019,11,NOVEMBER,4,3,0,13.3
2019,11,NOVEMBER,5,13,0,23.0
2019,11,NOVEMBER,6,60,1,59.3
2019,11,NOVEMBER,7,133,1,121.0
2019,11,NOVEMBER,8,141,1,113.0
2019,11,NOVEMBER,9,101,0,77.8
2019,11,NOVEMBER,10,106,1,82.8
2019,11,NOVEMBER,11,118,0,110.5
2019,11,NOVEMBER,12,117,0,124.5
2019,11,NOVEMBER,13,115,4,103.5
2019,11,NOVEMBER,14,143,1,118.3
2019,11,NOVEMBER,15,146,0,145.5
2019,11,NOVEMBER,16,134,0,157.3
2019,11,NOVEMBER,17,177,0,156.3
2019,11,NOVEMBER,18,111,3,97.5
2019,11,NOVEMBER,19,65,3,54.5
2019,11,NOVEMBER,20,45,0,48.3
2019,11,NOVEMBER,21,37,0,31.0
2019,11,NOVEMBER,22,45,0,25.0
2019,11,NOVEMBER,23,53,0,48.5
2019,12,DECEMBER,0,14,0,16.0
2019,12,DECEMBER,1,10,0,15.5
2019,12,DECEMBER,2,11,0,16.5
2019,12,DECEMBER,3,8,0,14.5
2019,12,DECEMBER,4,5,1,13.3
2019,12,DECEMBER,5,14,0,29.5
2019,12,DECEMBER,6,37,0,50.3
2019,12,DECEMBER,7,115,1,97.5
2019,12,DECEMBER,8,88,1,112.5
2019,12,DECEMBER,9,75,1,95.0
2019,12,DECEMBER,10,103,0,116.0
2019,12,DECEMBER,11,116,1,146.3
2019,12,DECEMBER,12,160,0,174.8
2019,12,DECEMBER,13,125,1,144.5
2019,12,DECEMBER,14,147,1,180.3
2019,12,DECEMBER,15,172,2,192.5
2019,12,DECEMBER,16,216,4,195.5
2019,12,DECEMBER,17,190,5,184.3
2019,12,DECEMBER,18,107,1,111.3
2019,12,DECEMBER,19,74,1,75.3
2019,12,DECEMBER,20,55,0,56.0
2019,12,DECEMBER,21,49,0,47.0
2019,12,DECEMBER,22,34,0,40.3
2019,12,DECEMBER,23,50,0,53.8
2020,1,JANUARY,0,9,0,16.0
2020,1,JANUARY,1,10,0,9.0
2020,1,JANUARY,2,12,1,11.3
2020,1,JANUARY,3,6,0,7.3
2020,1,JANUARY,4,11,0,8.8
2020,1,JANUARY,5,20,0,18.0
2020,1,JANUARY,6,67,0,53.5
2020,1,JANUARY,7,207,4,132.3
2020,1,JANUARY,8,187,0,120.5
2020,1,JANUARY,9,148,2,86.8
2020,1,JANUARY,10,136,1,94.5
2020,1,JANUARY,11,194,1,124.3
2020,1,JANUARY,12,218,0,139.0
2020,1,JANUARY,13,182,0,131.8
2020,1,JANUARY,14,249,1,134.3
2020,1,JANUARY,15,267,2,173.5
2020,1,JANUARY,16,249,0,167.3
2020,1,JANUARY,17,237,1,152.0
2020,1,JANUARY,18,155,2,104.8
2020,1,JANUARY,19,98,0,61.8
2020,1,JANUARY,20,76,1,44.5
2020,1,JANUARY,21,53,0,33.8
2020,1,JANUARY,22,28,0,29.3
2020,1,JANUARY,23,64,0,52.3
2020,2,FEBRUARY,0,13,1,15.0
2020,2,FEBRUARY,1,8,0,10.0
2020,2,FEBRUARY,2,4,0,8.3
2020,2,FEBRUARY,3,7,0,9.3
2020,2,FEBRUARY,4,10,0,7.3
2020,2,FEBRUARY,5,18,0,18.5
2020,2,FEBRUARY,6,37,0,50.5
2020,2,FEBRUARY,7,151,0,127.3
2020,2,FEBRUARY,8,182,0,176.8
2020,2,FEBRUARY,9,118,2,110.8
2020,2,FEBRUARY,10,135,0,116.0
2020,2,FEBRUARY,11,131,0,139.5
2020,2,FEBRUARY,12,137,0,138.8
2020,2,FEBRUARY,13,114,1,128.0
2020,2,FEBRUARY,14,153,0,151.5
2020,2,FEBRUARY,15,218,0,201.3
2020,2,FEBRUARY,16,193,0,207.5
2020,2,FEBRUARY,17,185,1,130.5
2020,2,FEBRUARY,18,106,1,95.8
2020,2,FEBRUARY,19,71,0,62.8
2020,2,FEBRUARY,20,63,0,50.3
2020,2,FEBRUARY,21,45,1,46.0
2020,2,FEBRUARY,22,20,0,31.3
2020,2,FEBRUARY,23,48,1,51.8
2020,3,MARCH,0,16,0,13.0
2020,3,MARCH,1,7,1,9.3
2020,3,MARCH,2,11,0,8.0
2020,3,MARCH,3,7,0,8.0
2020,3,MARCH,4,8,0,7.8
2020,3,MARCH,5,13,0,18.0
2020,3,MARCH,6,30,0,41.3
2020,3,MARCH,7,74,0,86.5
2020,3,MARCH,8,87,2,136.5
2020,3,MARCH,9,52,1,77.8
2020,3,MARCH,10,58,1,76.0
2020,3,MARCH,11,80,1,93.8
2020,3,MARCH,12,63,0,89.0
2020,3,MARCH,13,73,1,93.8
2020,3,MARCH,14,71,0,102.8
2020,3,MARCH,15,87,1,143.0
2020,3,MARCH,16,103,1,165.5
2020,3,MARCH,17,87,0,134.8
2020,3,MARCH,18,57,5,68.3
2020,3,MARCH,19,41,0,45.0
2020,3,MARCH,20,31,0,37.8
2020,3,MARCH,21,24,0,35.5
2020,3,MARCH,22,19,0,26.8
2020,3,MARCH,23,32,1,44.3
2020,4,APRIL,0,1,0,12.0
2020,4,APRIL,1,2,0,9.8
2020,4,APRIL,2,4,0,8.8
2020,4,APRIL,3,3,0,7.5
2020,4,APRIL,4,3,0,7.8
2020,4,APRIL,5,10,1,11.3
2020,4,APRIL,6,11,0,26.5
2020,4,APRIL,7,21,0,67.3
2020,4,APRIL,8,22,0,66.8
2020,4,APRIL,9,18,0,40.8
2020,4,APRIL,10,25,0,47.8
2020,4,APRIL,11,31,1,71.0
2020,4,APRIL,12,26,0,69.3
2020,4,APRIL,13,51,1,79.8
2020,4,APRIL,14,47,0,78.0
2020,4,APRIL,15,52,3,112.3
2020,4,APRIL,16,48,0,127.5
2020,4,APRIL,17,33,0,102.3
2020,4,APRIL,18,30,0,62.5
2020,4,APRIL,19,24,0,50.5
2020,4,APRIL,20,10,1,28.0
2020,4,APRIL,21,10,0,28.3
2020,4,APRIL,22,12,1,21.5
2020,4,APRIL,23,22,1,36.3
2020,5,MAY,0,4,0,14.3
2020,5,MAY,1,11,1,9.8
2020,5,MAY,2,2,0,8.3
2020,5,MAY,3,4,0,8.0
2020,5,MAY,4,5,1,6.0
2020,5,MAY,5,4,0,10.8
2020,5,MAY,6,10,2,33.0
2020,5,MAY,7,22,0,69.0
2020,5,MAY,8,13,0,94.3
2020,5,MAY,9,24,1,45.5
2020,5,MAY,10,39,0,52.5
2020,5,MAY,11,57,2,70.8
2020,5,MAY,12,34,3,76.8
2020,5,MAY,13,52,0,79.8
2020,5,MAY,14,69,1,98.8
2020,5,MAY,15,53,0,129.5
2020,5,MAY,16,62,0,146.3
2020,5,MAY,17,43,4,131.8
2020,5,MAY,18,38,1,70.0
2020,5,MAY,19,24,0,48.0
2020,5,MAY,20,29,1,32.0
2020,5,MAY,21,21,0,25.0
2020,5,MAY,22,20,0,25.0
2020,5,MAY,23,22,2,42.8
2020,6,JUNE,0,14,1,17.3
2020,6,JUNE,1,12,1,10.3
2020,6,JUNE,2,6,0,6.3
2020,6,JUNE,3,5,1,10.0
2020,6,JUNE,4,5,0,10.3
2020,6,JUNE,5,8,0,13.3
2020,6,JUNE,6,14,0,26.8
2020,6,JUNE,7,23,0,67.5
2020,6,JUNE,8,32,2,88.3
2020,6,JUNE,9,38,2,59.0
2020,6,JUNE,10,40,0,57.5
2020,6,JUNE,11,62,1,80.5
2020,6,JUNE,12,72,1,76.5
2020,6,JUNE,13,77,1,91.5
2020,6,JUNE,14,89,3,111.0
2020,6,JUNE,15,97,0,162.5
2020,6,JUNE,16,110,3,173.8
2020,6,JUNE,17,85,1,140.3
2020,6,JUNE,18,53,0,87.0
2020,6,JUNE,19,37,0,51.3
2020,6,JUNE,20,31,3,38.8
2020,6,JUNE,21,19,1,32.0
2020,6,JUNE,22,8,1,26.5
2020,6,JUNE,23,32,1,54.3
2020,7,JULY,0,15,1,18.0
2020,7,JULY,1,9,0,16.0
2020,7,JULY,2,8,2,11.0
2020,7,JULY,3,6,0,12.0
2020,7,JULY,4,7,0,9.5
2020,7,JULY,5,7,0,14.8
2020,7,JULY,6,21,0,25.0
2020,7,JULY,7,29,0,54.0
2020,7,JULY,8,34,0,62.8
2020,7,JULY,9,29,0,52.0
2020,7,JULY,10,45,2,58.8
2020,7,JULY,11,74,2,78.5
2020,7,JULY,12,69,0,78.8
2020,7,JULY,13,76,4,96.5
2020,7,JULY,14,84,2,103.0
2020,7,JULY,15,89,2,121.5
2020,7,JULY,16,127,2,155.5
2020,7,JULY,17,102,2,140.0
2020,7,JULY,18,64,0,79.5
2020,7,JULY,19,43,1,56.5
2020,7,JULY,20,35,4,45.5
2020,7,JULY,21,17,0,31.8
2020,7,JULY,22,24,1,27.3
2020,7,JULY,23,42,0,51.8
2020,8,AUGUST,0,9,0,15.8
2020,8,AUGUST,1,9,1,12.5
2020,8,AUGUST,2,6,1,8.0
2020,8,AUGUST,3,3,0,8.5
2020,8,AUGUST,4,9,1,9.0
2020,8,AUGUST,5,9,0,15.0
2020,8,AUGUST,6,23,1,29.8
2020,8,AUGUST,7,39,0,63.0
2020,8,AUGUST,8,30,0,52.3
2020,8,AUGUST,9,36,0,53.8
2020,8,AUGUST,10,48,0,62.5
2020,8,AUGUST,11,72,1,83.3
2020,8,AUGUST,12,70,2,84.8
2020,8,AUGUST,13,65,0,100.3
2020,8,AUGUST,14,104,1,110.3
2020,8,AUGUST,15,94,1,135.0
2020,8,AUGUST,16,107,0,168.8
2020,8,AUGUST,17,111,0,145.0
2020,8,AUGUST,18,62,2,86.3
2020,8,AUGUST,19,59,2,55.5
2020,8,AUGUST,20,31,1,42.0
2020,8,AUGUST,21,31,1,40.0
2020,8,AUGUST,22,23,0,33.3
2020,8,AUGUST,23,46,2,52.3
2020,9,SEPTEMBER,0,15,0,16.0
2020,9,SEPTEMBER,1,6,0,9.5
2020,9,SEPTEMBER,2,2,0,9.5
2020,9,SEPTEMBER,3,4,1,8.8
2020,9,SEPTEMBER,4,3,0,9.3
2020,9,SEPTEMBER,5,8,0,14.5
2020,9,SEPTEMBER,6,32,1,41.3
2020,9,SEPTEMBER,7,51,0,107.8
2020,9,SEPTEMBER,8,56,1,122.0
2020,9,SEPTEMBER,9,35,1,61.5
2020,9,SEPTEMBER,10,36,0,69.3
2020,9,SEPTEMBER,11,82,0,84.3
2020,9,SEPTEMBER,12,64,1,93.3
2020,9,SEPTEMBER,13,77,1,88.3
2020,9,SEPTEMBER,14,87,1,117.5
2020,9,SEPTEMBER,15,125,2,150.3
2020,9,SEPTEMBER,16,131,1,182.3
2020,9,SEPTEMBER,17,127,2,135.5
2020,9,SEPTEMBER,18,81,2,82.8
2020,9,SEPTEMBER,19,57,0,53.5
2020,9,SEPTEMBER,20,31,1,54.5
2020,9,SEPTEMBER,21,42,1,50.5
2020,9,SEPTEMBER,22,17,3,24.0
2020,9,SEPTEMBER,23,37,1,49.3
2020,10,OCTOBER,0,13,0,11.3
2020,10,OCTOBER,1,2,0,10.0
2020,10,OCTOBER,2,6,0,11.8
2020,10,OCTOBER,3,6,0,14.3
2020,10,OCTOBER,4,5,0,14.8
2020,10,OCTOBER,5,7,0,20.8
2020,10,OCTOBER,6,38,0,45.5
2020,10,OCTOBER,7,58,1,122.8
2020,10,OCTOBER,8,65,1,115.0
2020,10,OCTOBER,9,29,0,81.8
2020,10,OCTOBER,10,61,1,69.5
2020,10,OCTOBER,11,59,1,78.0
2020,10,OCTOBER,12,75,0,96.5
2020,10,OCTOBER,13,84,2,89.3
2020,10,OCTOBER,14,75,0,112.5
2020,10,OCTOBER,15,143,1,142.0
2020,10,OCTOBER,16,135,2,154.5
2020,10,OCTOBER,17,122,2,143.0
2020,10,OCTOBER,18,69,1,87.0
2020,10,OCTOBER,19,60,1,68.5
2020,10,OCTOBER,20,51,1,52.5
2020,10,OCTOBER,21,37,1,35.8
2020,10,OCTOBER,22,21,0,23.5
2020,10,OCTOBER,23,48,1,33.3
2020,11,NOVEMBER,0,17,0,15.8
2020,11,NOVEMBER,1,11,1,11.0
2020,11,NOVEMBER,2,6,0,13.0
2020,11,NOVEMBER,3,4,0,12.0
2020,11,NOVEMBER,4,5,0,12.8
2020,11,NOVEMBER,5,21,0,21.0
2020,11,NOVEMBER,6,35,0,65.5
2020,11,NOVEMBER,7,59,0,139.5
2020,11,NOVEMBER,8,69,0,131.0
2020,11,NOVEMBER,9,81,2,82.8
2020,11,NOVEMBER,10,96,0,85.3
2020,11,NOVEMBER,11,145,0,103.8
2020,11,NOVEMBER,12,138,1,119.3
2020,11,NOVEMBER,13,134,0,98.8
2020,11,NOVEMBER,14,144,3,118.0
2020,11,NOVEMBER,15,160,2,142.0
2020,11,NOVEMBER,16,156,2,151.8
2020,11,NOVEMBER,17,137,0,166.3
2020,11,NOVEMBER,18,77,2,106.0
2020,11,NOVEMBER,19,55,2,57.0
2020,11,NOVEMBER,20,42,0,49.0
2020,11,NOVEMBER,21,24,0,34.3
2020,11,NOVEMBER,22,28,0,29.3
2020,11,NOVEMBER,23,73,1,43.5
2020,12,DECEMBER,0,8,0,17.5
2020,12,DECEMBER,1,5,0,16.8
2020,12,DECEMBER,2,6,1,17.8
2020,12,DECEMBER,3,3,0,15.8
2020,12,DECEMBER,4,2,0,14.0
2020,12,DECEMBER,5,9,0,30.8
2020,12,DECEMBER,6,29,0,52.3
2020,12,DECEMBER,7,51,1,113.5
2020,12,DECEMBER,8,37,1,125.3
2020,12,DECEMBER,9,44,0,102.8
2020,12,DECEMBER,10,55,1,128.0
2020,12,DECEMBER,11,70,0,157.8
2020,12,DECEMBER,12,101,3,189.5
2020,12,DECEMBER,13,78,3,156.3
2020,12,DECEMBER,14,112,0,189.0
2020,12,DECEMBER,15,98,0,211.0
2020,12,DECEMBER,16,86,1,228.0
2020,12,DECEMBER,17,104,2,205.8
2020,12,DECEMBER,18,64,1,122.0
2020,12,DECEMBER,19,47,1,82.0
2020,12,DECEMBER,20,24,0,63.8
2020,12,DECEMBER,21,25,1,53.0
2020,12,DECEMBER,22,9,0,46.5
2020,12,DECEMBER,23,64,1,50.3
2021,1,JANUARY,0,16,1,14.3
2021,1,JANUARY,1,3,1,10.8
2021,1,JANUARY,2,8,2,12.3
2021,1,JANUARY,3,4,0,7.8
2021,1,JANUARY,4,5,1,10.3
2021,1,JANUARY,5,5,0,21.8
2021,1,JANUARY,6,33,0,62.0
2021,1,JANUARY,7,62,0,168.5
2021,1,JANUARY,8,65,0,151.0
2021,1,JANUARY,9,62,0,108.3
2021,1,JANUARY,10,59,0,113.8
2021,1,JANUARY,11,111,0,145.0
2021,1,JANUARY,12,103,4,167.8
2021,1,JANUARY,13,106,2,150.8
2021,1,JANUARY,14,120,2,166.5
2021,1,JANUARY,15,127,1,208.5
2021,1,JANUARY,16,110,1,202.0
2021,1,JANUARY,17,85,0,190.0
2021,1,JANUARY,18,75,2,124.8
2021,1,JANUARY,19,44,0,75.3
2021,1,JANUARY,20,24,0,57.5
2021,1,JANUARY,21,25,1,40.8
2021,1,JANUARY,22,23,0,30.5
2021,1,JANUARY,23,53,1,55.0
2021,2,FEBRUARY,0,8,0,16.3
2021,2,FEBRUARY,1,4,0,11.0
2021,2,FEBRUARY,2,4,0,8.3
2021,2,FEBRUARY,3,1,0,10.8
2021,2,FEBRUARY,4,2,0,9.3
2021,2,FEBRUARY,5,13,0,19.8
2021,2,FEBRUARY,6,35,1,51.0
2021,2,FEBRUARY,7,87,0,143.3
2021,2,FEBRUARY,8,96,0,198.3
2021,2,FEBRUARY,9,67,0,123.5
2021,2,FEBRUARY,10,76,1,130.8
2021,2,FEBRUARY,11,100,0,147.3
2021,2,FEBRUARY,12,99,2,148.3
2021,2,FEBRUARY,13,101,0,131.3
2021,2,FEBRUARY,14,134,0,156.3
2021,2,FEBRUARY,15,144,1,219.8
2021,2,FEBRUARY,16,146,1,219.3
2021,2,FEBRUARY,17,81,1,156.5
2021,2,FEBRUARY,18,69,2,105.0
2021,2,FEBRUARY,19,54,1,67.0
2021,2,FEBRUARY,20,43,1,55.3
2021,2,FEBRUARY,21,34,0,48.8
2021,2,FEBRUARY,22,27,0,29.5
2021,2,FEBRUARY,23,45,1,52.5
2021,3,MARCH,0,12,1,14.0
2021,3,MARCH,1,4,0,10.0
2021,3,MARCH,2,6,0,9.3
2021,3,MARCH,3,6,0,8.3
2021,3,MARCH,4,2,0,9.3
2021,3,MARCH,5,5,0,20.0
2021,3,MARCH,6,26,0,42.3
2021,3,MARCH,7,37,0,95.8
2021,3,MARCH,8,63,0,142.5
2021,3,MARCH,9,50,0,78.3
2021,3,MARCH,10,44,2,79.5
2021,3,MARCH,11,64,1,97.8
2021,3,MARCH,12,61,2,89.5
2021,3,MARCH,13,57,1,97.8
2021,3,MARCH,14,74,1,102.0
2021,3,MARCH,15,114,3,136.3
2021,3,MARCH,16,114,0,162.8
2021,3,MARCH,17,77,1,137.3
2021,3,MARCH,18,45,0,71.3
2021,3,MARCH,19,33,0,47.0
2021,3,MARCH,20,26,0,39.0
2021,3,MARCH,21,29,0,34.3
2021,3,MARCH,22,19,1,26.8
2021,3,MARCH,23,38,3,42.8
2021,4,APRIL,0,12,0,9.3
2021,4,APRIL,1,6,1,8.8
2021,4,APRIL,2,4,0,8.8
2021,4,APRIL,3,5,0,7.0
2021,4,APRIL,4,6,0,7.0
2021,4,APRIL,5,6,0,12.3
2021,4,APRIL,6,16,0,25.3
2021,4,APRIL,7,49,0,60.3
2021,4,APRIL,8,37,0,63.0
2021,4,APRIL,9,25,0,39.0
2021,4,APRIL,10,39,0,44.3
2021,4,APRIL,11,71,0,61.0
2021,4,APRIL,12,57,1,61.5
2021,4,APRIL,13,73,2,74.3
2021,4,APRIL,14,74,0,71.3
2021,4,APRIL,15,92,2,102.3
2021,4,APRIL,16,111,2,111.8
2021,4,APRIL,17,73,1,92.3
2021,4,APRIL,18,64,1,54.0
2021,4,APRIL,19,56,1,42.5
2021,4,APRIL,20,30,0,23.0
2021,4,APRIL,21,20,1,25.8
2021,4,APRIL,22,22,1,19.0
2021,4,APRIL,23,29,1,34.5
2021,5,MAY,0,7,0,13.5
2021,5,MAY,1,6,0,11.0
2021,5,MAY,2,2,0,8.3
2021,5,MAY,3,10,0,6.5
2021,5,MAY,4,2,0,6.8
2021,5,MAY,5,4,0,10.8
2021,5,MAY,6,20,0,30.5
2021,5,MAY,7,45,0,63.3
2021,5,MAY,8,38,0,88.0
2021,5,MAY,9,27,0,44.8
2021,5,MAY,10,32,0,54.3
2021,5,MAY,11,59,2,70.3
2021,5,MAY,12,71,1,67.5
2021,5,MAY,13,64,0,76.8
2021,5,MAY,14,82,0,95.5
2021,5,MAY,15,96,2,118.8
2021,5,MAY,16,101,0,136.5
2021,5,MAY,17,89,1,120.3
2021,5,MAY,18,65,2,63.3
2021,5,MAY,19,43,1,43.3
2021,5,MAY,20,25,1,33.0
2021,5,MAY,21,18,1,25.8
2021,5,MAY,22,19,2,25.3
2021,5,MAY,23,31,1,40.5
2021,6,JUNE,0,20,0,15.8
2021,6,JUNE,1,6,0,11.8
2021,6,JUNE,2,4,1,6.8
2021,6,JUNE,3,5,0,10.0
2021,6,JUNE,4,14,1,8.0
2021,6,JUNE,5,8,0,13.3
2021,6,JUNE,6,27,2,23.5
2021,6,JUNE,7,50,0,60.8
2021,6,JUNE,8,53,1,83.0
2021,6,JUNE,9,52,1,55.5
2021,6,JUNE,10,43,4,56.8
2021,6,JUNE,11,81,3,75.8
2021,6,JUNE,12,81,1,74.3
2021,6,JUNE,13,62,0,95.3
2021,6,JUNE,14,121,2,103.0
2021,6,JUNE,15,162,4,146.3
2021,6,JUNE,16,164,2,160.3
2021,6,JUNE,17,108,2,134.5
2021,6,JUNE,18,81,4,80.0
2021,6,JUNE,19,49,0,48.3
2021,6,JUNE,20,45,1,35.3
2021,6,JUNE,21,35,2,28.0
2021,6,JUNE,22,25,1,22.3
2021,6,JUNE,23,61,1,47.0
2021,7,JULY,0,23,0,16.0
2021,7,JULY,1,14,3,14.8
2021,7,JULY,2,9,1,10.8
2021,7,JULY,3,15,2,9.8
2021,7,JULY,4,9,1,9.0
2021,7,JULY,5,12,0,13.5
2021,7,JULY,6,19,0,25.5
2021,7,JULY,7,38,2,51.8
2021,7,JULY,8,53,1,58.0
2021,7,JULY,9,27,1,52.5
2021,7,JULY,10,45,1,58.8
2021,7,JULY,11,78,2,77.5
2021,7,JULY,12,66,2,79.5
2021,7,JULY,13,80,0,95.5
2021,7,JULY,14,83,3,103.3
2021,7,JULY,15,103,1,118.0
2021,7,JULY,16,153,3,149.0
2021,7,JULY,17,124,4,134.5
2021,7,JULY,18,77,2,76.3
2021,7,JULY,19,57,1,53.0
2021,7,JULY,20,44,1,43.3
2021,7,JULY,21,36,2,27.0
2021,7,JULY,22,36,2,24.3
2021,7,JULY,23,63,3,46.5
2021,8,AUGUST,0,16,0,14.0
2021,8,AUGUST,1,15,1,11.0
2021,8,AUGUST,2,9,0,7.3
2021,8,AUGUST,3,9,0,7.0
2021,8,AUGUST,4,9,0,9.0
2021,8,AUGUST,5,11,0,14.5
2021,8,AUGUST,6,30,1,28.0
2021,8,AUGUST,7,50,0,60.3
2021,8,AUGUST,8,38,1,50.3
2021,8,AUGUST,9,52,2,49.8
2021,8,AUGUST,10,58,1,60.0
2021,8,AUGUST,11,73,0,83.0
2021,8,AUGUST,12,72,0,84.3
2021,8,AUGUST,13,102,2,91.0
2021,8,AUGUST,14,106,2,109.8
2021,8,AUGUST,15,109,0,131.3
2021,8,AUGUST,16,148,0,158.5
2021,8,AUGUST,17,120,2,142.8
2021,8,AUGUST,18,75,2,83.0
2021,8,AUGUST,19,51,1,57.5
2021,8,AUGUST,20,35,3,41.0
2021,8,AUGUST,21,37,1,38.5
2021,8,AUGUST,22,29,1,31.8
2021,8,AUGUST,23,73,3,45.5
2021,9,SEPTEMBER,0,14,1,16.3
2021,9,SEPTEMBER,1,8,0,9.0
2021,9,SEPTEMBER,2,15,0,6.3
2021,9,SEPTEMBER,3,8,1,7.8
2021,9,SEPTEMBER,4,6,0,8.5
2021,9,SEPTEMBER,5,10,0,14.0
2021,9,SEPTEMBER,6,30,3,41.8
2021,9,SEPTEMBER,7,93,0,97.3
2021,9,SEPTEMBER,8,107,0,109.3
2021,9,SEPTEMBER,9,43,0,59.5
2021,9,SEPTEMBER,10,70,3,60.8
2021,9,SEPTEMBER,11,84,1,83.8
2021,9,SEPTEMBER,12,87,1,87.5
2021,9,SEPTEMBER,13,83,3,86.8
2021,9,SEPTEMBER,14,119,0,109.5
2021,9,SEPTEMBER,15,141,0,146.3
2021,9,SEPTEMBER,16,155,2,176.3
2021,9,SEPTEMBER,17,121,3,137.0
2021,9,SEPTEMBER,18,61,2,87.8
2021,9,SEPTEMBER,19,49,1,55.5
2021,9,SEPTEMBER,20,48,2,50.3
2021,9,SEPTEMBER,21,54,2,47.5
2021,9,SEPTEMBER,22,20,0,23.3
2021,9,SEPTEMBER,23,57,2,44.3
2021,10,OCTOBER,0,12,0,11.5
2021,10,OCTOBER,1,13,0,7.3
2021,10,OCTOBER,2,14,1,9.8
2021,10,OCTOBER,3,9,0,13.5
2021,10,OCTOBER,4,2,0,15.5
2021,10,OCTOBER,5,17,0,18.3
2021,10,OCTOBER,6,44,2,44.0
2021,10,OCTOBER,7,86,1,115.8
2021,10,OCTOBER,8,88,1,109.3
2021,10,OCTOBER,9,55,1,75.3
2021,10,OCTOBER,10,51,1,72.0
2021,10,OCTOBER,11,81,1,72.5
2021,10,OCTOBER,12,87,0,93.5
2021,10,OCTOBER,13,86,1,88.8
2021,10,OCTOBER,14,139,1,96.5
2021,10,OCTOBER,15,144,2,141.8
2021,10,OCTOBER,16,162,1,147.8
2021,10,OCTOBER,17,151,1,135.8
2021,10,OCTOBER,18,102,0,78.8
2021,10,OCTOBER,19,76,1,64.5
2021,10,OCTOBER,20,46,1,53.8
2021,10,OCTOBER,21,37,0,35.8
2021,10,OCTOBER,22,28,1,21.8
2021,10,OCTOBER,23,42,1,34.8
2021,11,NOVEMBER,0,13,2,16.8
2021,11,NOVEMBER,1,5,0,12.5
2021,11,NOVEMBER,2,7,0,12.8
2021,11,NOVEMBER,3,8,1,11.0
2021,11,NOVEMBER,4,8,0,12.0
2021,11,NOVEMBER,5,12,1,23.3
2021,11,NOVEMBER,6,93,0,51.0
2021,11,NOVEMBER,7,153,0,116.0
2021,11,NOVEMBER,8,157,1,109.0
2021,11,NOVEMBER,9,80,1,83.0
2021,11,NOVEMBER,10,78,1,89.8
2021,11,NOVEMBER,11,91,1,117.3
2021,11,NOVEMBER,12,119,0,124.0
2021,11,NOVEMBER,13,77,0,113.0
2021,11,NOVEMBER,14,100,0,129.0
2021,11,NOVEMBER,15,128,2,150.0
2021,11,NOVEMBER,16,143,5,155.0
2021,11,NOVEMBER,17,147,0,163.8
2021,11,NOVEMBER,18,104,0,99.3
2021,11,NOVEMBER,19,52,0,57.8
2021,11,NOVEMBER,20,50,0,47.0
2021,11,NOVEMBER,21,32,1,32.3
2021,11,NOVEMBER,22,20,0,31.3
2021,11,NOVEMBER,23,70,0,44.3
2021,12,DECEMBER,0,21,0,14.3
2021,12,DECEMBER,1,17,1,13.8
2021,12,DECEMBER,2,10,0,16.8
2021,12,DECEMBER,3,8,1,14.5
2021,12,DECEMBER,4,9,0,12.3
2021,12,DECEMBER,5,32,0,25.0
2021,12,DECEMBER,6,62,0,44.0
2021,12,DECEMBER,7,116,0,97.3
2021,12,DECEMBER,8,129,2,102.3
2021,12,DECEMBER,9,127,0,82.0
2021,12,DECEMBER,10,172,0,98.8
2021,12,DECEMBER,11,208,1,123.3
2021,12,DECEMBER,12,257,0,150.5
2021,12,DECEMBER,13,205,1,124.5
2021,12,DECEMBER,14,237,1,157.8
2021,12,DECEMBER,15,289,1,163.3
2021,12,DECEMBER,16,250,2,187.0
2021,12,DECEMBER,17,209,1,179.5
2021,12,DECEMBER,18,144,1,102.0
2021,12,DECEMBER,19,84,0,72.8
2021,12,DECEMBER,20,85,0,48.5
2021,12,DECEMBER,21,62,2,43.8
2021,12,DECEMBER,22,64,1,32.8
2021,12,DECEMBER,23,79,0,46.5
2022,1,JANUARY,0,15,0,14.5
2022,1,JANUARY,1,7,0,9.8
2022,1,JANUARY,2,4,0,13.3
2022,1,JANUARY,3,4,0,7.8
2022,1,JANUARY,4,8,0,9.5
2022,1,JANUARY,5,24,0,17.0
2022,1,JANUARY,6,80,0,50.3
2022,1,JANUARY,7,155,0,145.3
2022,1,JANUARY,8,155,0,128.5
2022,1,JANUARY,9,96,2,99.8
2022,1,JANUARY,10,116,1,99.5
2022,1,JANUARY,11,160,0,132.8
2022,1,JANUARY,12,147,0,156.8
2022,1,JANUARY,13,144,1,141.3
2022,1,JANUARY,14,185,0,150.3
2022,1,JANUARY,15,222,3,184.8
2022,1,JANUARY,16,185,1,183.3
2022,1,JANUARY,17,173,1,168.0
2022,1,JANUARY,18,117,0,114.3
2022,1,JANUARY,19,79,3,66.5
2022,1,JANUARY,20,58,1,49.0
2022,1,JANUARY,21,36,0,38.0
2022,1,JANUARY,22,31,0,28.5
2022,1,JANUARY,23,61,1,53.0
2022,2,FEBRUARY,0,15,0,14.5
2022,2,FEBRUARY,1,8,0,10.0
2022,2,FEBRUARY,2,4,0,8.3
2022,2,FEBRUARY,3,7,0,9.3
2022,2,FEBRUARY,4,8,0,7.8
2022,2,FEBRUARY,5,14,0,19.5
2022,2,FEBRUARY,6,39,1,50.0
2022,2,FEBRUARY,7,72,1,147.0
2022,2,FEBRUARY,8,154,0,183.8
2022,2,FEBRUARY,9,79,0,120.5
2022,2,FEBRUARY,10,91,1,127.0
2022,2,FEBRUARY,11,113,0,144.0
2022,2,FEBRUARY,12,92,3,150.0
2022,2,FEBRUARY,13,89,1,134.3
2022,2,FEBRUARY,14,130,0,157.3
2022,2,FEBRUARY,15,151,1,218.0
2022,2,FEBRUARY,16,142,0,220.3
2022,2,FEBRUARY,17,86,0,155.3
2022,2,FEBRUARY,18,87,2,100.5
2022,2,FEBRUARY,19,44,0,69.5
2022,2,FEBRUARY,20,35,0,57.3
2022,2,FEBRUARY,21,30,1,49.8
2022,2,FEBRUARY,22,17,0,32.0
2022,2,FEBRUARY,23,54,1,50.3
2022,3,MARCH,0,14,0,13.5
2022,3,MARCH,1,9,1,8.8
2022,3,MARCH,2,10,0,8.3
2022,3,MARCH,3,8,0,7.8
2022,3,MARCH,4,6,0,8.3
2022,3,MARCH,5,19,0,16.5
2022,3,MARCH,6,41,0,38.5
2022,3,MARCH,7,85,2,83.8
2022,3,MARCH,8,127,1,126.5
2022,3,MARCH,9,85,0,69.5
2022,3,MARCH,10,82,1,70.0
2022,3,MARCH,11,95,3,90.0
2022,3,MARCH,12,87,2,83.0
2022,3,MARCH,13,99,0,87.3
2022,3,MARCH,14,106,0,94.0
2022,3,MARCH,15,150,2,127.3
2022,3,MARCH,16,171,2,148.5
2022,3,MARCH,17,140,1,121.5
2022,3,MARCH,18,72,0,64.5
2022,3,MARCH,19,46,1,43.8
2022,3,MARCH,20,50,2,33.0
2022,3,MARCH,21,35,1,32.8
2022,3,MARCH,22,27,1,24.8
2022,3,MARCH,23,61,2,37.0
2022,4,APRIL,0,11,1,9.5
2022,4,APRIL,1,12,1,7.3
2022,4,APRIL,2,15,0,6.0
2022,4,APRIL,3,5,0,7.0
2022,4,APRIL,4,4,0,7.5
2022,4,APRIL,5,7,0,12.0
2022,4,APRIL,6,28,0,22.3
2022,4,APRIL,7,59,0,57.8
2022,4,APRIL,8,75,1,53.5
2022,4,APRIL,9,49,0,33.0
2022,4,APRIL,10,50,0,41.5
2022,4,APRIL,11,53,0,65.5
2022,4,APRIL,12,63,1,60.0
2022,4,APRIL,13,88,0,70.5
2022,4,APRIL,14,74,1,71.3
2022,4,APRIL,15,106,0,98.8
2022,4,APRIL,16,134,0,106.0
2022,4,APRIL,17,111,1,82.8
2022,4,APRIL,18,57,1,55.8
2022,4,APRIL,19,52,1,43.5
2022,4,APRIL,20,32,0,22.5
2022,4,APRIL,21,35,0,22.0
2022,4,APRIL,22,18,0,20.0
2022,4,APRIL,23,44,1,30.8
2022,5,MAY,0,24,0,9.3
2022,5,MAY,1,12,0,9.5
2022,5,MAY,2,15,2,5.0
2022,5,MAY,3,4,0,8.0
2022,5,MAY,4,4,1,6.3
2022,5,MAY,5,15,0,8.0
2022,5,MAY,6,23,0,29.8
2022,5,MAY,7,58,0,60.0
2022,5,MAY,8,95,1,73.8
2022,5,MAY,9,60,1,36.5
2022,5,MAY,10,54,1,48.8
2022,5,MAY,11,70,0,67.5
2022,5,MAY,12,78,1,65.8
2022,5,MAY,13,83,1,72.0
2022,5,MAY,14,99,3,91.3
2022,5,MAY,15,140,1,107.8
2022,5,MAY,16,166,4,120.3
2022,5,MAY,17,132,2,109.5
2022,5,MAY,18,77,2,60.3
2022,5,MAY,19,52,3,41.0
2022,5,MAY,20,36,0,30.3
2022,5,MAY,21,29,2,23.0
2022,5,MAY,22,25,1,23.8
2022,5,MAY,23,65,1,32.0
2022,6,JUNE,0,14,1,17.3
2022,6,JUNE,1,9,2,11.0
2022,6,JUNE,2,5,0,6.5
2022,6,JUNE,3,8,1,9.3
2022,6,JUNE,4,6,0,10.0
2022,6,JUNE,5,14,0,11.8
2022,6,JUNE,6,27,1,23.5
2022,6,JUNE,7,74,0,54.8
2022,6,JUNE,8,96,1,72.3
2022,6,JUNE,9,57,1,54.3
2022,6,JUNE,10,66,0,51.0
2022,6,JUNE,11,92,0,73.0
2022,6,JUNE,12,72,1,76.5
2022,6,JUNE,13,96,1,86.8
2022,6,JUNE,14,103,4,107.5
2022,6,JUNE,15,167,1,145.0
2022,6,JUNE,16,180,2,156.3
2022,6,JUNE,17,159,2,121.8
2022,6,JUNE,18,89,2,78.0
2022,6,JUNE,19,60,0,45.5
2022,6,JUNE,20,37,1,37.3
2022,6,JUNE,21,32,4,28.8
2022,6,JUNE,22,28,1,21.5
2022,6,JUNE,23,85,3,41.0
2022,7,JULY,0,18,0,17.3
2022,7,JULY,1,21,2,13.0
2022,7,JULY,2,12,0,10.0
2022,7,JULY,3,11,2,10.8
2022,7,JULY,4,7,1,9.5
2022,7,JULY,5,11,0,13.8
2022,7,JULY,6,19,0,25.5
2022,7,JULY,7,56,0,47.3
2022,7,JULY,8,73,0,53.0
2022,7,JULY,9,58,1,44.8
2022,7,JULY,10,66,0,53.5
2022,7,JULY,11,84,1,76.0
2022,7,JULY,12,94,2,72.5
2022,7,JULY,13,96,2,91.5
2022,7,JULY,14,101,1,98.8
2022,7,JULY,15,120,5,113.8
2022,7,JULY,16,145,4,151.0
2022,7,JULY,17,132,4,132.5
2022,7,JULY,18,73,1,77.3
2022,7,JULY,19,63,1,51.5
2022,7,JULY,20,43,3,43.5
2022,7,JULY,21,37,1,26.8
2022,7,JULY,22,26,2,26.8
2022,7,JULY,23,73,2,44.0
2022,8,AUGUST,0,23,1,12.3
2022,8,AUGUST,1,12,1,11.8
2022,8,AUGUST,2,10,0,7.0
2022,8,AUGUST,3,14,0,5.8
2022,8,AUGUST,4,7,1,9.5
2022,8,AUGUST,5,21,2,12.0
2022,8,AUGUST,6,29,1,28.3
2022,8,AUGUST,7,68,0,55.8
2022,8,AUGUST,8,54,2,46.3
2022,8,AUGUST,9,50,1,50.3
2022,8,AUGUST,10,69,0,57.3
2022,8,AUGUST,11,94,1,77.8
2022,8,AUGUST,12,84,3,81.3
2022,8,AUGUST,13,97,2,92.3
2022,8,AUGUST,14,107,3,109.5
2022,8,AUGUST,15,150,4,121.0
2022,8,AUGUST,16,213,2,142.3
2022,8,AUGUST,17,170,3,130.3
2022,8,AUGUST,18,108,1,74.8
2022,8,AUGUST,19,71,5,52.5
2022,8,AUGUST,20,47,2,38.0
2022,8,AUGUST,21,41,0,37.5
2022,8,AUGUST,22,37,3,29.8
2022,8,AUGUST,23,63,1,48.0
2022,9,SEPTEMBER,0,14,1,16.3
2022,9,SEPTEMBER,1,14,2,7.5
2022,9,SEPTEMBER,2,9,0,7.8
2022,9,SEPTEMBER,3,12,0,6.8
2022,9,SEPTEMBER,4,11,0,7.3
2022,9,SEPTEMBER,5,21,3,11.3
2022,9,SEPTEMBER,6,44,0,38.3
2022,9,SEPTEMBER,7,106,1,94.0
2022,9,SEPTEMBER,8,112,5,108.0
2022,9,SEPTEMBER,9,74,0,51.8
2022,9,SEPTEMBER,10,73,2,60.0
2022,9,SEPTEMBER,11,84,1,83.8
2022,9,SEPTEMBER,12,92,3,86.3
2022,9,SEPTEMBER,13,82,2,87.0
2022,9,SEPTEMBER,14,128,2,107.3
2022,9,SEPTEMBER,15,157,0,142.3
2022,9,SEPTEMBER,16,190,4,167.5
2022,9,SEPTEMBER,17,107,1,140.5
2022,9,SEPTEMBER,18,97,0,78.8
2022,9,SEPTEMBER,19,59,4,53.0
2022,9,SEPTEMBER,20,49,1,50.0
2022,9,SEPTEMBER,21,56,2,47.0
2022,9,SEPTEMBER,22,32,1,20.3
2022,9,SEPTEMBER,23,58,1,44.0
2022,10,OCTOBER,0,6,0,13.0
2022,10,OCTOBER,1,6,0,9.0
2022,10,OCTOBER,2,13,1,10.0
2022,10,OCTOBER,3,24,1,9.8
2022,10,OCTOBER,4,32,0,8.0
2022,10,OCTOBER,5,30,0,15.0
2022,10,OCTOBER,6,42,2,44.5
2022,10,OCTOBER,7,95,2,113.5
2022,10,OCTOBER,8,82,1,110.8
2022,10,OCTOBER,9,60,2,74.0
2022,10,OCTOBER,10,53,1,71.5
2022,10,OCTOBER,11,57,0,78.5
2022,10,OCTOBER,12,91,2,92.5
2022,10,OCTOBER,13,86,1,88.8
2022,10,OCTOBER,14,84,2,110.3
2022,10,OCTOBER,15,127,4,146.0
2022,10,OCTOBER,16,120,2,158.3
2022,10,OCTOBER,17,107,5,146.8
2022,10,OCTOBER,18,57,1,90.0
2022,10,OCTOBER,19,50,3,71.0
2022,10,OCTOBER,20,30,2,57.8
2022,10,OCTOBER,21,30,0,37.5
2022,10,OCTOBER,22,17,1,24.5
2022,10,OCTOBER,23,23,0,39.5
2022,11,NOVEMBER,0,9,2,17.8
2022,11,NOVEMBER,1,14,0,10.3
2022,11,NOVEMBER,2,17,0,10.3
2022,11,NOVEMBER,3,24,0,7.0
2022,11,NOVEMBER,4,28,0,7.0
2022,11,NOVEMBER,5,31,1,18.5
2022,11,NOVEMBER,6,51,0,61.5
2022,11,NOVEMBER,7,145,2,118.0
2022,11,NOVEMBER,8,138,1,113.8
2022,11,NOVEMBER,9,97,0,78.8
2022,11,NOVEMBER,10,93,1,86.0
2022,11,NOVEMBER,11,114,1,111.5
2022,11,NOVEMBER,12,116,3,124.8
2022,11,NOVEMBER,13,107,2,105.5
2022,11,NOVEMBER,14,113,0,125.8
2022,11,NOVEMBER,15,117,2,152.8
2022,11,NOVEMBER,16,155,3,152.0
2022,11,NOVEMBER,17,137,4,166.3
2022,11,NOVEMBER,18,84,0,104.3
2022,11,NOVEMBER,19,47,1,59.0
2022,11,NOVEMBER,20,50,0,47.0
2022,11,NOVEMBER,21,30,0,32.8
2022,11,NOVEMBER,22,24,0,30.3
2022,11,NOVEMBER,23,21,1,56.5
2022,12,DECEMBER,0,16,0,15.5
2022,12,DECEMBER,1,29,0,10.8
2022,12,DECEMBER,2,31,0,11.5
2022,12,DECEMBER,3,28,2,9.5
2022,12,DECEMBER,4,31,1,6.8
2022,12,DECEMBER,5,53,0,19.8
2022,12,DECEMBER,6,56,0,45.5
2022,12,DECEMBER,7,116,2,97.3
2022,12,DECEMBER,8,174,2,91.0
2022,12,DECEMBER,9,111,0,86.0
2022,12,DECEMBER,10,145,0,105.5
2022,12,DECEMBER,11,186,4,128.8
2022,12,DECEMBER,12,208,1,162.8
2022,12,DECEMBER,13,189,1,128.5
2022,12,DECEMBER,14,233,2,158.8
2022,12,DECEMBER,15,197,4,186.3
2022,12,DECEMBER,16,242,3,189.0
2022,12,DECEMBER,17,225,1,175.5
2022,12,DECEMBER,18,126,5,106.5
2022,12,DECEMBER,19,93,1,70.5
2022,12,DECEMBER,20,65,2,53.5
2022,12,DECEMBER,21,56,1,45.3
2022,12,DECEMBER,22,42,1,38.3
2022,12,DECEMBER,23,45,1,55.0
2023,1,JANUARY,0,15,0,14.5
2023,1,JANUARY,1,17,0,7.3
2023,1,JANUARY,2,21,1,9.0
2023,1,JANUARY,3,13,0,5.5
2023,1,JANUARY,4,17,0,7.3
2023,1,JANUARY,5,23,0,17.3
2023,1,JANUARY,6,40,0,60.3
2023,1,JANUARY,7,113,0,155.8
2023,1,JANUARY,8,102,1,141.8
2023,1,JANUARY,9,70,0,106.3
2023,1,JANUARY,10,91,1,105.8
2023,1,JANUARY,11,90,2,150.3
2023,1,JANUARY,12,138,0,159.0
2023,1,JANUARY,13,124,2,146.3
2023,1,JANUARY,14,107,0,169.8
2023,1,JANUARY,15,139,1,205.5
2023,1,JANUARY,16,156,2,190.5
2023,1,JANUARY,17,165,4,170.0
2023,1,JANUARY,18,108,3,116.5
2023,1,JANUARY,19,45,3,75.0
2023,1,JANUARY,20,35,0,54.8
2023,1,JANUARY,21,30,1,39.5
2023,1,JANUARY,22,18,1,31.8
2023,1,JANUARY,23,22,2,62.8
2023,2,FEBRUARY,0,11,0,15.5
2023,2,FEBRUARY,1,10,0,9.5
2023,2,FEBRUARY,2,11,0,6.5
2023,2,FEBRUARY,3,16,0,7.0
2023,2,FEBRUARY,4,10,0,7.3
2023,2,FEBRUARY,5,26,0,16.5
2023,2,FEBRUARY,6,44,0,48.8
2023,2,FEBRUARY,7,122,1,134.5
2023,2,FEBRUARY,8,139,0,187.5
2023,2,FEBRUARY,9,95,1,116.5
2023,2,FEBRUARY,10,76,0,130.8
2023,2,FEBRUARY,11,81,2,152.0
2023,2,FEBRUARY,12,104,0,147.0
2023,2,FEBRUARY,13,87,1,134.8
2023,2,FEBRUARY,14,88,1,167.8
2023,2,FEBRUARY,15,148,0,218.8
2023,2,FEBRUARY,16,154,4,217.3
2023,2,FEBRUARY,17,122,1,146.3
2023,2,FEBRUARY,18,71,0,104.5
2023,2,FEBRUARY,19,47,1,68.8
2023,2,FEBRUARY,20,46,3,54.5
2023,2,FEBRUARY,21,31,1,49.5
2023,2,FEBRUARY,22,22,0,30.8
2023,2,FEBRUARY,23,24,1,57.8
2023,3,MARCH,0,10,0,14.5
2023,3,MARCH,1,12,0,8.0
2023,3,MARCH,2,12,1,7.8
2023,3,MARCH,3,11,0,7.0
2023,3,MARCH,4,11,1,7.0
2023,3,MARCH,5,21,1,16.0
2023,3,MARCH,6,40,1,38.8
2023,3,MARCH,7,94,0,81.5
2023,3,MARCH,8,170,0,115.8
2023,3,MARCH,9,61,0,75.5
2023,3,MARCH,10,82,0,70.0
2023,3,MARCH,11,88,0,91.8
2023,3,MARCH,12,93,1,81.5
2023,3,MARCH,13,95,1,88.3
2023,3,MARCH,14,114,2,92.0
2023,3,MARCH,15,151,2,127.0
2023,3,MARCH,16,176,3,147.3
2023,3,MARCH,17,145,2,120.3
2023,3,MARCH,18,71,0,64.8
2023,3,MARCH,19,50,0,42.8
2023,3,MARCH,20,32,0,37.5
2023,3,MARCH,21,36,3,32.5
2023,3,MARCH,22,32,0,23.5
2023,3,MARCH,23,21,0,47.0
2023,4,APRIL,0,13,1,9.0
2023,4,APRIL,1,9,0,8.0
2023,4,APRIL,2,8,0,7.8
2023,4,APRIL,3,9,1,6.0
2023,4,APRIL,4,14,0,5.0
2023,4,APRIL,5,21,0,8.5
2023,4,APRIL,6,41,1,19.0
2023,4,APRIL,7,74,3,54.0
2023,4,APRIL,8,97,2,48.0
2023,4,APRIL,9,33,0,37.0
2023,4,APRIL,10,45,0,42.8
2023,4,APRIL,11,84,0,57.8
2023,4,APRIL,12,92,1,52.8
2023,4,APRIL,13,83,2,71.8
2023,4,APRIL,14,83,1,69.0
2023,4,APRIL,15,138,2,90.8
2023,4,APRIL,16,135,4,105.8
2023,4,APRIL,17,118,1,81.0
2023,4,APRIL,18,58,0,55.5
2023,4,APRIL,19,45,1,45.3
2023,4,APRIL,20,24,0,24.5
2023,4,APRIL,21,29,0,23.5
2023,4,APRIL,22,24,1,18.5
2023,4,APRIL,23,30,0,34.3
2023,5,MAY,0,11,1,12.5
2023,5,MAY,1,10,0,10.0
2023,5,MAY,2,11,2,6.0
2023,5,MAY,3,15,1,5.3
2023,5,MAY,4,17,0,3.0
2023,5,MAY,5,14,1,8.3
2023,5,MAY,6,34,1,27.0
2023,5,MAY,7,104,1,48.5
2023,5,MAY,8,136,0,63.5
2023,5,MAY,9,50,1,39.0
2023,5,MAY,10,68,1,45.3
2023,5,MAY,11,85,2,63.8
2023,5,MAY,12,83,1,64.5
2023,5,MAY,13,91,3,70.0
2023,5,MAY,14,125,3,84.8
2023,5,MAY,15,157,2,103.5
2023,5,MAY,16,173,3,118.5
2023,5,MAY,17,160,2,102.5
2023,5,MAY,18,76,2,60.5
2023,5,MAY,19,56,2,40.0
2023,5,MAY,20,34,0,30.8
2023,5,MAY,21,25,2,24.0
2023,5,MAY,22,25,1,23.8
2023,5,MAY,23,26,1,41.8
2023,6,JUNE,0,11,1,18.0
2023,6,JUNE,1,16,2,9.3
2023,6,JUNE,2,11,1,5.0
2023,6,JUNE,3,21,0,6.0
2023,6,JUNE,4,14,1,8.0
2023,6,JUNE,5,21,0,10.0
2023,6,JUNE,6,31,1,22.5
2023,6,JUNE,7,90,1,50.8
2023,6,JUNE,8,110,0,68.8
2023,6,JUNE,9,71,1,50.8
2023,6,JUNE,10,78,0,48.0
2023,6,JUNE,11,86,1,74.5
2023,6,JUNE,12,80,2,74.5
2023,6,JUNE,13,109,1,83.5
2023,6,JUNE,14,119,6,103.5
2023,6,JUNE,15,175,2,143.0
2023,6,JUNE,16,176,3,157.3
2023,6,JUNE,17,138,1,127.0
2023,6,JUNE,18,78,3,80.8
2023,6,JUNE,19,53,1,47.3
2023,6,JUNE,20,43,1,35.8
2023,6,JUNE,21,35,2,28.0
2023,6,JUNE,22,24,1,22.5
2023,6,JUNE,23,33,2,54.0
2023,7,JULY,0,15,0,18.0
2023,7,JULY,1,18,2,13.8
2023,7,JULY,2,16,1,9.0
2023,7,JULY,3,15,1,9.8
2023,7,JULY,4,17,1,7.0
2023,7,JULY,5,22,1,11.0
2023,7,JULY,6,30,1,22.8
2023,7,JULY,7,65,0,45.0
2023,7,JULY,8,60,0,56.3
2023,7,JULY,9,67,0,42.5
2023,7,JULY,10,72,2,52.0
2023,7,JULY,11,81,2,76.8
2023,7,JULY,12,74,0,77.5
2023,7,JULY,13,106,0,89.0
2023,7,JULY,14,118,3,94.5
2023,7,JULY,15,139,2,109.0
2023,7,JULY,16,155,0,148.5
2023,7,JULY,17,150,0,128.0
2023,7,JULY,18,87,4,73.8
2023,7,JULY,19,56,1,53.3
2023,7,JULY,20,44,1,43.3
2023,7,JULY,21,24,0,30.0
2023,7,JULY,22,23,0,27.5
2023,7,JULY,23,35,3,53.5
2023,8,AUGUST,0,16,1,14.0
2023,8,AUGUST,1,12,1,11.8
2023,8,AUGUST,2,12,1,6.5
2023,8,AUGUST,3,7,0,7.5
2023,8,AUGUST,4,17,0,7.0
2023,8,AUGUST,5,18,1,12.8
2023,8,AUGUST,6,38,0,26.0
2023,8,AUGUST,7,61,2,57.5
2023,8,AUGUST,8,62,0,44.3
2023,8,AUGUST,9,62,1,47.3
2023,8,AUGUST,10,65,1,58.3
2023,8,AUGUST,11,78,1,81.8
2023,8,AUGUST,12,96,1,78.3
2023,8,AUGUST,13,98,0,92.0
2023,8,AUGUST,14,127,2,104.5
2023,8,AUGUST,15,137,3,124.3
2023,8,AUGUST,16,157,2,156.3
2023,8,AUGUST,17,154,3,134.3
2023,8,AUGUST,18,89,2,79.5
2023,8,AUGUST,19,48,0,58.3
2023,8,AUGUST,20,44,0,38.8
2023,8,AUGUST,21,53,3,34.5
2023,8,AUGUST,22,34,2,30.5
2023,8,AUGUST,23,24,2,57.8
2023,9,SEPTEMBER,0,13,0,16.5
2023,9,SEPTEMBER,1,6,0,9.5
2023,9,SEPTEMBER,2,8,1,8.0
2023,9,SEPTEMBER,3,10,0,7.3
2023,9,SEPTEMBER,4,16,1,6.0
2023,9,SEPTEMBER,5,20,0,11.5
2023,9,SEPTEMBER,6,46,1,37.8
2023,9,SEPTEMBER,7,116,3,91.5
2023,9,SEPTEMBER,8,153,1,97.8
2023,9,SEPTEMBER,9,66,3,53.8
2023,9,SEPTEMBER,10,61,0,63.0
2023,9,SEPTEMBER,11,92,1,81.8
2023,9,SEPTEMBER,12,105,2,83.0
2023,9,SEPTEMBER,13,96,1,83.5
2023,9,SEPTEMBER,14,115,0,110.5
2023,9,SEPTEMBER,15,156,3,142.5
2023,9,SEPTEMBER,16,188,2,168.0
2023,9,SEPTEMBER,17,164,2,126.3
2023,9,SEPTEMBER,18,100,2,78.0
2023,9,SEPTEMBER,19,66,2,51.3
2023,9,SEPTEMBER,20,75,5,43.5
2023,9,SEPTEMBER,21,48,2,49.0
2023,9,SEPTEMBER,22,19,2,23.5
2023,9,SEPTEMBER,23,32,1,50.5
2023,10,OCTOBER,0,13,4,11.3
2023,10,OCTOBER,1,15,0,6.8
2023,10,OCTOBER,2,13,0,10.0
2023,10,OCTOBER,3,16,0,11.8
2023,10,OCTOBER,4,19,1,11.3
2023,10,OCTOBER,5,19,1,17.8
2023,10,OCTOBER,6,53,1,41.8
2023,10,OCTOBER,7,180,0,92.3
2023,10,OCTOBER,8,193,1,83.0
2023,10,OCTOBER,9,161,2,48.8
2023,10,OCTOBER,10,117,1,55.5
2023,10,OCTOBER,11,106,0,66.3
2023,10,OCTOBER,12,95,1,91.5
2023,10,OCTOBER,13,104,2,84.3
2023,10,OCTOBER,14,114,0,102.8
2023,10,OCTOBER,15,165,1,136.5
2023,10,OCTOBER,16,164,1,147.3
2023,10,OCTOBER,17,155,4,134.8
2023,10,OCTOBER,18,92,4,81.3
2023,10,OCTOBER,19,70,0,66.0
2023,10,OCTOBER,20,70,2,47.8
2023,10,OCTOBER,21,42,2,34.5
2023,10,OCTOBER,22,28,1,21.8
2023,10,OCTOBER,23,24,1,39.3
2023,11,NOVEMBER,0,14,0,16.5
2023,11,NOVEMBER,1,13,0,10.5
2023,11,NOVEMBER,2,17,1,10.3
2023,11,NOVEMBER,3,11,0,10.3
2023,11,NOVEMBER,4,12,0,11.0
2023,11,NOVEMBER,5,28,1,19.3
2023,11,NOVEMBER,6,58,1,59.8
2023,11,NOVEMBER,7,127,4,122.5
2023,11,NOVEMBER,8,88,2,126.3
2023,11,NOVEMBER,9,53,1,89.8
2023,11,NOVEMBER,10,64,1,93.3
2023,11,NOVEMBER,11,92,2,117.0
2023,11,NOVEMBER,12,125,2,122.5
2023,11,NOVEMBER,13,96,2,108.3
2023,11,NOVEMBER,14,116,1,125.0
2023,11,NOVEMBER,15,177,1,137.8
2023,11,NOVEMBER,16,175,1,147.0
2023,11,NOVEMBER,17,204,0,149.5
2023,11,NOVEMBER,18,125,6,94.0
2023,11,NOVEMBER,19,64,0,54.8
2023,11,NOVEMBER,20,51,2,46.8
2023,11,NOVEMBER,21,38,1,30.8
2023,11,NOVEMBER,22,28,0,29.3
2023,11,NOVEMBER,23,30,1,54.3
2023,12,DECEMBER,0,19,1,14.8
2023,12,DECEMBER,1,11,1,15.3
2023,12,DECEMBER,2,19,1,14.5
2023,12,DECEMBER,3,19,1,11.8
2023,12,DECEMBER,4,11,0,11.8
2023,12,DECEMBER,5,24,0,27.0
2023,12,DECEMBER,6,54,2,46.0
2023,12,DECEMBER,7,107,2,99.5
2023,12,DECEMBER,8,110,2,107.0
2023,12,DECEMBER,9,98,0,89.3
2023,12,DECEMBER,10,92,1,118.8
2023,12,DECEMBER,11,121,0,145.0
2023,12,DECEMBER,12,133,2,181.5
2023,12,DECEMBER,13,106,0,149.3
2023,12,DECEMBER,14,139,6,182.3
2023,12,DECEMBER,15,186,1,189.0
2023,12,DECEMBER,16,204,1,198.5
2023,12,DECEMBER,17,199,3,182.0
2023,12,DECEMBER,18,111,1,110.3
2023,12,DECEMBER,19,77,1,74.5
2023,12,DECEMBER,20,50,1,57.3
2023,12,DECEMBER,21,45,1,48.0
2023,12,DECEMBER,22,46,1,37.3
2023,12,DECEMBER,23,27,0,59.5
