year,location_group,rank,location_name,location_key,collision_count,reporting_period
2019,Intersection,1,YELLOWHEAD TRAIL NW & 149 STREET NW,149 STREET NW & YELLOWHEAD TRAIL NW,98,Pre-CRC (police reports)
2019,Intersection,2,107 AVENUE NW & 142 STREET NW,107 AVENUE NW & 142 STREET NW,92,Pre-CRC (police reports)
2019,Intersection,3,YELLOWHEAD TRAIL NW & 97 STREET NW,97 STREET NW & YELLOWHEAD TRAIL NW,79,Pre-CRC (police reports)
2019,Intersection,4,YELLOWHEAD TRAIL NW & 127 STREET NW,127 STREET NW & YELLOWHEAD TRAIL NW,67,Pre-CRC (police reports)
2019,Intersection,5,23 AVENUE NW & 91 STREET NW,23 AVENUE NW & 91 STREET NW,61,Pre-CRC (police reports)
2019,Intersection,6,34 AVENUE NW & CALGARY TRAIL NW,34 AVENUE NW & CALGARY TRAIL NW,59,Pre-CRC (police reports)
2019,Intersection,7,118 AVENUE NW & 97 STREET NW,118 AVENUE NW & 97 STREET NW,58,Pre-CRC (police reports)
2019,Intersection,8,34 AVENUE NW & 91 STREET NW,34 AVENUE NW & 91 STREET NW,57,Pre-CRC (police reports)
2019,Intersection,9,118 AVENUE NW & GROAT ROAD NW,118 AVENUE NW & GROAT ROAD NW,55,Pre-CRC (police reports)
2019,Intersection,10,153 AVENUE NW & 97 STREET NW,153 AVENUE NW & 97 STREET NW,53,Pre-CRC (police reports)
2019,Intersection,11,167 AVENUE NW & 97 STREET NW,167 AVENUE NW & 97 STREET NW,48,Pre-CRC (police reports)
2019,Intersection,12,137 AVENUE NW & 50 STREET NW,137 AVENUE NW & 50 STREET NW,47,Pre-CRC (police reports)
2019,Intersection,13,23 AVENUE NW & 111 STREET NW,111 STREET NW & 23 AVENUE NW,46,Pre-CRC (police reports)
2019,Intersection,14,98 AVENUE NW & 75 STREET NW,75 STREET NW & 98 AVENUE NW,45,Pre-CRC (police reports)
2019,Intersection,14,ELLERSLIE ROAD SW & JAMES MOWATT TRAIL SW,ELLERSLIE ROAD SW & JAMES MOWATT TRAIL SW,45,Pre-CRC (police reports)
2019,Intersection,16,111 AVENUE NW & GROAT ROAD NW,111 AVENUE NW & GROAT ROAD NW,44,Pre-CRC (police reports)
2019,Intersection,17,34 AVENUE NW & GATEWAY BOULEVARD NW,34 AVENUE NW & GATEWAY BOULEVARD NW,43,Pre-CRC (police reports)
2019,Intersection,17,YELLOWHEAD TRAIL NW & FORT ROAD NW,FORT ROAD NW & YELLOWHEAD TRAIL NW,43,Pre-CRC (police reports)
2019,Intersection,19,111 AVENUE NW & 109 STREET NW,109 STREET NW & 111 AVENUE NW,42,Pre-CRC (police reports)
2019,Intersection,20,95 AVENUE NW & 170 STREET NW,170 STREET NW & 95 AVENUE NW,41,Pre-CRC (police reports)
2019,Intersection,21,167 AVENUE NW & 127 STREET NW,127 STREET NW & 167 AVENUE NW,39,Pre-CRC (police reports)
2019,Intersection,21,87 AVENUE NW & 170 STREET NW,170 STREET NW & 87 AVENUE NW,39,Pre-CRC (police reports)
2019,Intersection,21,ARGYLL ROAD NW & 75 STREET NW,75 STREET NW & ARGYLL ROAD NW,39,Pre-CRC (police reports)
2019,Intersection,24,ANTHONY HENDAY DRIVE SW EASTBOUND & RABBIT HILL ROAD SW,ANTHONY HENDAY DRIVE SW EASTBOUND & RABBIT HILL ROAD SW,38,Pre-CRC (police reports)
2019,Intersection,24,ELLERSLIE ROAD SW & PARSONS ROAD SW,ELLERSLIE ROAD SW & PARSONS ROAD SW,38,Pre-CRC (police reports)
2019,Intersection,26,104 AVENUE NW & 109 STREET NW,104 AVENUE NW & 109 STREET NW,37,Pre-CRC (police reports)
2019,Intersection,26,137 AVENUE NW & 82 STREET NW,137 AVENUE NW & 82 STREET NW,37,Pre-CRC (police reports)
2019,Intersection,26,167 AVENUE NW & 66 STREET NW,167 AVENUE NW & 66 STREET NW,37,Pre-CRC (police reports)
2019,Intersection,29,34 AVENUE NW & 50 STREET NW,34 AVENUE NW & 50 STREET NW,36,Pre-CRC (police reports)
2019,Intersection,29,63 AVENUE NW & 99 STREET NW,63 AVENUE NW & 99 STREET NW,36,Pre-CRC (police reports)
2019,Intersection,29,87 AVENUE NW & 178 STREET NW,178 STREET NW & 87 AVENUE NW,36,Pre-CRC (police reports)
2019,Intersection,32,153 AVENUE NW & 127 STREET NW,127 STREET NW & 153 AVENUE NW,35,Pre-CRC (police reports)
2019,Intersection,32,23 AVENUE NW & 50 STREET NW,23 AVENUE NW & 50 STREET NW,35,Pre-CRC (police reports)
2019,Intersection,34,WHITEMUD DRIVE NW WESTBOUND & GATEWAY BOULEVARD NW,GATEWAY BOULEVARD NW & WHITEMUD DRIVE NW WESTBOUND,34,Pre-CRC (police reports)
2019,Intersection,34,WINDERMERE BOULEVARD SW & 170 STREET SW NORTHBOUND,170 STREET SW NORTHBOUND & WINDERMERE BOULEVARD SW,34,Pre-CRC (police reports)
2019,Intersection,34,YELLOWHEAD TRAIL NW & 107 STREET NW,107 STREET NW & YELLOWHEAD TRAIL NW,34,Pre-CRC (police reports)
2019,Intersection,37,127 AVENUE NW & 97 STREET NW,127 AVENUE NW & 97 STREET NW,33,Pre-CRC (police reports)
2019,Intersection,37,137 AVENUE NW & 97 STREET NW,137 AVENUE NW & 97 STREET NW,33,Pre-CRC (police reports)
2019,Intersection,37,STONY PLAIN ROAD NW & 142 STREET NW,142 STREET NW & STONY PLAIN ROAD NW,33,Pre-CRC (police reports)
2019,Intersection,40,23 AVENUE NW & RABBIT HILL ROAD NW,23 AVENUE NW & RABBIT HILL ROAD NW,32,Pre-CRC (police reports)
2019,Intersection,40,23 AVENUE NW & TERWILLEGAR DRIVE NW NORTHBOUND,23 AVENUE NW & TERWILLEGAR DRIVE NW NORTHBOUND,32,Pre-CRC (police reports)
2019,Intersection,40,82 AVENUE NW & 109 STREET NW,109 STREET NW & 82 AVENUE NW,32,Pre-CRC (police reports)
2019,Intersection,40,YELLOWHEAD TRAIL NW & 121 STREET NW,121 STREET NW & YELLOWHEAD TRAIL NW,32,Pre-CRC (police reports)
2019,Intersection,44,112 AVENUE NW & 82 STREET NW,112 AVENUE NW & 82 STREET NW,31,Pre-CRC (police reports)
2019,Intersection,44,153 AVENUE NW & 66 STREET NW,153 AVENUE NW & 66 STREET NW,31,Pre-CRC (police reports)
2019,Intersection,46,100 AVENUE NW & 178 STREET NW,100 AVENUE NW & 178 STREET NW,30,Pre-CRC (police reports)
2019,Intersection,46,137 AVENUE NW & ST. ALBERT TRAIL NW,137 AVENUE NW & ST. ALBERT TRAIL NW,30,Pre-CRC (police reports)
2019,Intersection,46,51 AVENUE NW & 91 STREET NW,51 AVENUE NW & 91 STREET NW,30,Pre-CRC (police reports)
2019,Intersection,46,87 AVENUE NW & 149 STREET NW,149 STREET NW & 87 AVENUE NW,30,Pre-CRC (police reports)
2019,Intersection,46,88 AVENUE NW & 109 STREET NW,109 STREET NW & 88 AVENUE NW,30,Pre-CRC (police reports)
2019,Intersection,46,ELLERSLIE ROAD SW & CALGARY TRAIL SW,CALGARY TRAIL SW & ELLERSLIE ROAD SW,30,Pre-CRC (police reports)
2019,Intersection,46,KINGSWAY AVENUE NW & 121 STREET NW,121 STREET NW & KINGSWAY AVENUE NW,30,Pre-CRC (police reports)
2019,Midblock,1,QUESNELL BRIDGE,QUESNELL BRIDGE,25,Pre-CRC (police reports)
2019,Midblock,2,CALGARY TRAIL NW BETWEEN 34-39A AVENUE NW,CALGARY TRAIL NW BETWEEN 34-39A AVENUE NW,24,Pre-CRC (police reports)
2019,Midblock,3,WALTERDALE BRIDGE,WALTERDALE BRIDGE,22,Pre-CRC (police reports)
2019,Midblock,4,PARSONS ROAD SW BETWEEN ELLERSLIE ROAD SW & ELLWOOD DRIVE SW,PARSONS ROAD SW BETWEEN ELLERSLIE ROAD SW & ELLWOOD DRIVE SW,21,Pre-CRC (police reports)
2019,Midblock,5,GATEWAY BOULEVARD NW BETWEEN 34-39A AVENUE NW,GATEWAY BOULEVARD NW BETWEEN 34-39A AVENUE NW,19,Pre-CRC (police reports)
2019,Midblock,6,HIGH LEVEL BRIDGE,HIGH LEVEL BRIDGE,17,Pre-CRC (police reports)
2019,Midblock,6,WHITEMUD DRIVE NW BETWEEN 149-159 STREET NW,WHITEMUD DRIVE NW BETWEEN 149-159 STREET NW,17,Pre-CRC (police reports)
2019,Midblock,8,PARSONS ROAD SW NORTH OF ELLWOOD DRIVE SW,PARSONS ROAD SW NORTH OF ELLWOOD DRIVE SW,15,Pre-CRC (police reports)
2019,Midblock,8,RIVER VALLEY ROAD NW BETWEEN FORTWAY DRIVE-GROAT ROAD NW,RIVER VALLEY ROAD NW BETWEEN FORTWAY DRIVE-GROAT ROAD NW,15,Pre-CRC (police reports)
2019,Midblock,10,FOX DRIVE NW BETWEEN BELGRAVIA ROAD-KEILLOR TRAIL NW,FOX DRIVE NW BETWEEN BELGRAVIA ROAD-KEILLOR TRAIL NW,14,Pre-CRC (police reports)
2019,Midblock,10,LOW LEVEL BRIDGE,LOW LEVEL BRIDGE,14,Pre-CRC (police reports)
2019,Midblock,10,STONY PLAIN ROAD NW BETWEEN 186 STREET-ANTHONY HENDAY DRIVE NW,STONY PLAIN ROAD NW BETWEEN 186 STREET-ANTHONY HENDAY DRIVE NW,14,Pre-CRC (police reports)
2019,Midblock,10,YELLOWHEAD TRAIL NW BETWEEN 107-121 STREET NW,YELLOWHEAD TRAIL NW BETWEEN 107-121 STREET NW,14,Pre-CRC (police reports)
2019,Midblock,10,YELLOWHEAD TRAIL NW EASTBOUND BETWEEN 127 STREET-ST. ALBERT TRAIL NW,YELLOWHEAD TRAIL NW EASTBOUND BETWEEN 127 STREET-ST. ALBERT TRAIL NW,14,Pre-CRC (police reports)
2019,Midblock,15,109 STREET NW BETWEEN 88 AVENUE NW-HIGH LEVEL BRIDGE,109 STREET NW BETWEEN 88 AVENUE NW-HIGH LEVEL BRIDGE,13,Pre-CRC (police reports)
2019,Midblock,15,97 STREET NW BETWEEN 130-132 AVENUE NW,97 STREET NW BETWEEN 130-132 AVENUE NW,13,Pre-CRC (police reports)
2019,Midblock,15,ANTHONY HENDAY DRIVE NW WESTBOUND FROM MERGE OFF CALGARY TRAIL NW TO OFF RAMP OF 111 STREET NW,ANTHONY HENDAY DRIVE NW WESTBOUND FROM MERGE OFF CALGARY TRAIL NW TO OFF RAMP OF 111 STREET NW,13,Pre-CRC (police reports)
2019,Midblock,15,GATEWAY BOULEVARD NW NORTHBOUND NORTH OF ON-RAMP FROM ANTHONY HENDAY DRIVE NW WESTBOUND,GATEWAY BOULEVARD NW NORTHBOUND NORTH OF ON-RAMP FROM ANTHONY HENDAY DRIVE NW WESTBOUND,13,Pre-CRC (police reports)
2019,Midblock,15,GROAT ROAD NW BETWEEN 102 AVENUE- STONY PLAIN ROAD NW OVERPASSES,GROAT ROAD NW BETWEEN 102 AVENUE- STONY PLAIN ROAD NW OVERPASSES,13,Pre-CRC (police reports)
2019,Midblock,15,WHITEMUD DRIVE NW BETWEEN QUESNELL BRIDGE-149 STREET NW ON & OFF RAMPS,WHITEMUD DRIVE NW BETWEEN QUESNELL BRIDGE-149 STREET NW ON & OFF RAMPS,13,Pre-CRC (police reports)
2019,Midblock,21,87 AVENUE NW & 170 STREET NW BETWEEN 87-90 AVENUE NW,87 AVENUE NW & 170 STREET NW BETWEEN 87-90 AVENUE NW,12,Pre-CRC (police reports)
2019,Midblock,21,97 STREET NW BETWEEN 135-137 AVENUE NW,97 STREET NW BETWEEN 135-137 AVENUE NW,12,Pre-CRC (police reports)
2019,Midblock,21,ANTHONY HENDAY DRIVE NW BETWEEN 119 STREET-RABBIT HILL ROAD NW ON & OFF-RAMPS,ANTHONY HENDAY DRIVE NW BETWEEN 119 STREET-RABBIT HILL ROAD NW ON & OFF-RAMPS,12,Pre-CRC (police reports)
2019,Midblock,21,GATEWAY BOULEVARD NW BETWEEN 31-34 AVENUE NW,GATEWAY BOULEVARD NW BETWEEN 31-34 AVENUE NW,12,Pre-CRC (police reports)
2019,Midblock,21,GROAT ROAD NW BETWEEN STONY PLAIN ROAD-107 AVENUE NW OVERPASSES,GROAT ROAD NW BETWEEN STONY PLAIN ROAD-107 AVENUE NW OVERPASSES,12,Pre-CRC (police reports)
2019,Midblock,26,97 STREET NW BETWEEN 125A-127 AVENUE NW,97 STREET NW BETWEEN 125A-127 AVENUE NW,11,Pre-CRC (police reports)
2019,Midblock,26,ANTHONY HENDAY DRIVE NW SOUTHBOUND NORTH OF WHITEMUD DRIVE NW,ANTHONY HENDAY DRIVE NW SOUTHBOUND NORTH OF WHITEMUD DRIVE NW,11,Pre-CRC (police reports)
2019,Midblock,26,ANTHONY HENDAY DRIVE NW SW SOUTH OF 87 AVENUE NW,ANTHONY HENDAY DRIVE NW SW SOUTH OF 87 AVENUE NW,11,Pre-CRC (police reports)
2019,Midblock,26,CALGARY TRAIL NW BETWEEN 48-51 AVENUE NW,CALGARY TRAIL NW BETWEEN 48-51 AVENUE NW,11,Pre-CRC (police reports)
2019,Midblock,26,QUEEN ELIZABETH PARK ROAD NW NORTH OF SASKATCHEWAN DRIVE NW,QUEEN ELIZABETH PARK ROAD NW NORTH OF SASKATCHEWAN DRIVE NW,11,Pre-CRC (police reports)
2019,Midblock,26,WHITEMUD DRIVE NW SOUTHBOUND SOUTH OF 53 AVENUE NW ON-RAMP TO TERWILLEGAR CORNER,WHITEMUD DRIVE NW SOUTHBOUND SOUTH OF 53 AVENUE NW ON-RAMP TO TERWILLEGAR CORNER,11,Pre-CRC (police reports)
2019,Midblock,32,FOX DRIVE NW BETWEEN KEILLOR-FORT EDMONTON PARK ROAD NW,FOX DRIVE NW BETWEEN KEILLOR-FORT EDMONTON PARK ROAD NW,10,Pre-CRC (police reports)
2019,Midblock,32,WHITEMUD DRIVE NW EASTBOUND BETWEEN 76/86 STREET NW OVERPASS-91 STREET NW ON-RAMP,WHITEMUD DRIVE NW EASTBOUND BETWEEN 76/86 STREET NW OVERPASS-91 STREET NW ON-RAMP,10,Pre-CRC (police reports)
2019,Midblock,34,109 STREET NW BETWEEN 100-JASPER AVENUE NW,109 STREET NW BETWEEN 100-JASPER AVENUE NW,9,Pre-CRC (police reports)
2019,Midblock,34,109 STREET NW BETWEEN 97-99 AVENUE NW,109 STREET NW BETWEEN 97-99 AVENUE NW,9,Pre-CRC (police reports)
2019,Midblock,34,17 STREET NW BETWEEN SILVER BERRY ROAD NW-34 AVENUE NW,17 STREET NW BETWEEN SILVER BERRY ROAD NW-34 AVENUE NW,9,Pre-CRC (police reports)
2019,Midblock,34,34 AVENUE NW BETWEEN 97-99 STREET NW,34 AVENUE NW BETWEEN 97-99 STREET NW,9,Pre-CRC (police reports)
2019,Midblock,34,ANTHONY HENDAY DRIVE NW NORTHBOUND NORTH OF CALLINGWOOD ROAD NW,ANTHONY HENDAY DRIVE NW NORTHBOUND NORTH OF CALLINGWOOD ROAD NW,9,Pre-CRC (police reports)
2019,Midblock,34,ANTHONY HENDAY DRIVE NW SOUTHBOUND SOUTH OF STONY PLAIN ROAD NW OVERPASS,ANTHONY HENDAY DRIVE NW SOUTHBOUND SOUTH OF STONY PLAIN ROAD NW OVERPASS,9,Pre-CRC (police reports)
2019,Midblock,34,CAPILANO BRIDGE,CAPILANO BRIDGE,9,Pre-CRC (police reports)
2019,Midblock,34,GROAT ROAD BETWEEN 111-114 AVENUE NW,GROAT ROAD BETWEEN 111-114 AVENUE NW,9,Pre-CRC (police reports)
2019,Midblock,34,ST. ALBERT TRAIL NW BETWEEN 134-137 AVENUE NW,ST. ALBERT TRAIL NW BETWEEN 134-137 AVENUE NW,9,Pre-CRC (police reports)
2019,Midblock,34,YELLOWHEAD TRAIL NW BETWEEN 121-124 STREET NW,YELLOWHEAD TRAIL NW BETWEEN 121-124 STREET NW,9,Pre-CRC (police reports)
2019,Midblock,34,YELLOWHEAD TRAIL NW BETWEEN 142-143 STREET NW,YELLOWHEAD TRAIL NW BETWEEN 142-143 STREET NW,9,Pre-CRC (police reports)
2019,Midblock,45,99 STREET NW BETWEEN 34-35 AVENUE NW,99 STREET NW BETWEEN 34-35 AVENUE NW,8,Pre-CRC (police reports)
2019,Midblock,45,99 STREET NW BETWEEN PARSONS ROAD NW-19 AVENUE NW,99 STREET NW BETWEEN PARSONS ROAD NW-19 AVENUE NW,8,Pre-CRC (police reports)
2019,Midblock,45,ELLERSLIE ROAD SW BETWEEN 91 STREET-PARSONS ROAD SW,ELLERSLIE ROAD SW BETWEEN 91 STREET-PARSONS ROAD SW,8,Pre-CRC (police reports)
2019,Midblock,45,MCDOUGALL HILL NW,MCDOUGALL HILL NW,8,Pre-CRC (police reports)
2019,Midblock,45,RABBIT HILL ROAD NW BETWEEN TORY GATE NW-23 AVENUE NW,RABBIT HILL ROAD NW BETWEEN TORY GATE NW-23 AVENUE NW,8,Pre-CRC (police reports)
2019,Midblock,45,WHITEMUD DRIVE NW WESTBOUND OFF RAMP TO TERWILLEGAR DRIVE NW,WHITEMUD DRIVE NW WESTBOUND OFF RAMP TO TERWILLEGAR DRIVE NW,8,Pre-CRC (police reports)
2019,Midblock,45,YELLOWHEAD TRAIL NW BETWEEN 143-149 STREET NW,YELLOWHEAD TRAIL NW BETWEEN 143-149 STREET NW,8,Pre-CRC (police reports)
2019,Midblock,45,YELLOWHEAD TRAIL NW WEST OF 82 AVENUE NW,YELLOWHEAD TRAIL NW WEST OF 82 AVENUE NW,8,Pre-CRC (police reports)
2020,Intersection,1,107 AVENUE NW & 142 STREET NW,107 AVENUE NW & 142 STREET NW,71,Pre-CRC (police reports)
2020,Intersection,1,YELLOWHEAD TRAIL NW & 149 STREET NW,149 STREET NW & YELLOWHEAD TRAIL NW,71,Pre-CRC (police reports)
2020,Intersection,3,23 AVENUE NW & 91 STREET NW,23 AVENUE NW & 91 STREET NW,54,Pre-CRC (police reports)
2020,Intersection,4,YELLOWHEAD TRAIL NW & 127 STREET NW,127 STREET NW & YELLOWHEAD TRAIL NW,52,Pre-CRC (police reports)
2020,Intersection,5,YELLOWHEAD TRAIL NW & 97 STREET NW,97 STREET NW & YELLOWHEAD TRAIL NW,49,Pre-CRC (police reports)
2020,Intersection,6,34 AVENUE NW & CALGARY TRAIL NW,34 AVENUE NW & CALGARY TRAIL NW,44,Pre-CRC (police reports)
2020,Intersection,7,34 AVENUE NW & 91 STREET NW,34 AVENUE NW & 91 STREET NW,42,Pre-CRC (police reports)
2020,Intersection,8,118 AVENUE NW & 97 STREET NW,118 AVENUE NW & 97 STREET NW,40,Pre-CRC (police reports)
2020,Intersection,8,YELLOWHEAD TRAIL NW & FORT ROAD NW,FORT ROAD NW & YELLOWHEAD TRAIL NW,40,Pre-CRC (police reports)
2020,Intersection,10,153 AVENUE NW & 97 STREET NW,153 AVENUE NW & 97 STREET NW,38,Pre-CRC (police reports)
2020,Intersection,11,ARGYLL ROAD NW & 75 STREET NW,75 STREET NW & ARGYLL ROAD NW,36,Pre-CRC (police reports)
2020,Intersection,12,23 AVENUE NW & 50 STREET NW,23 AVENUE NW & 50 STREET NW,35,Pre-CRC (police reports)
2020,Intersection,13,111 AVENUE NW & GROAT ROAD NW,111 AVENUE NW & GROAT ROAD NW,34,Pre-CRC (police reports)
2020,Intersection,14,87 AVENUE NW & 149 STREET NW,149 STREET NW & 87 AVENUE NW,33,Pre-CRC (police reports)
2020,Intersection,15,118 AVENUE NW & GROAT ROAD NW,118 AVENUE NW & GROAT ROAD NW,32,Pre-CRC (police reports)
2020,Intersection,15,127 AVENUE NW & 97 STREET NW,127 AVENUE NW & 97 STREET NW,32,Pre-CRC (police reports)
2020,Intersection,15,167 AVENUE NW & 97 STREET NW,167 AVENUE NW & 97 STREET NW,32,Pre-CRC (police reports)
2020,Intersection,18,137 AVENUE NW & 97 STREET NW,137 AVENUE NW & 97 STREET NW,31,Pre-CRC (police reports)
2020,Intersection,19,111 AVENUE NW & 109 STREET NW,109 STREET NW & 111 AVENUE NW,30,Pre-CRC (police reports)
2020,Intersection,19,167 AVENUE NW & 82 STREET NW,167 AVENUE NW & 82 STREET NW,30,Pre-CRC (police reports)
2020,Intersection,21,137 AVENUE NW & 50 STREET NW,137 AVENUE NW & 50 STREET NW,29,Pre-CRC (police reports)
2020,Intersection,21,90 AVENUE NW & 75 STREET NW,75 STREET NW & 90 AVENUE NW,29,Pre-CRC (police reports)
2020,Intersection,23,137 AVENUE NW & 66 STREET NW,137 AVENUE NW & 66 STREET NW,28,Pre-CRC (police reports)
2020,Intersection,23,82 AVENUE NW & 109 STREET NW,109 STREET NW & 82 AVENUE NW,28,Pre-CRC (police reports)
2020,Intersection,25,104 AVENUE NW & 109 STREET NW,104 AVENUE NW & 109 STREET NW,27,Pre-CRC (police reports)
2020,Intersection,25,82 AVENUE NW & 75 STREET NW,75 STREET NW & 82 AVENUE NW,27,Pre-CRC (police reports)
2020,Intersection,25,WINDERMERE BOULEVARD SW & 170N STREET SW,170N STREET SW & WINDERMERE BOULEVARD SW,27,Pre-CRC (police reports)
2020,Intersection,25,YELLOWHEAD TRAIL NW & 121 STREET NW,121 STREET NW & YELLOWHEAD TRAIL NW,27,Pre-CRC (police reports)
2020,Intersection,29,153 AVENUE NW & 127 STREET NW,127 STREET NW & 153 AVENUE NW,26,Pre-CRC (police reports)
2020,Intersection,29,34 AVENUE NW & 99 STREET NW,34 AVENUE NW & 99 STREET NW,26,Pre-CRC (police reports)
2020,Intersection,29,98 AVENUE NW & 75 STREET NW,75 STREET NW & 98 AVENUE NW,26,Pre-CRC (police reports)
2020,Intersection,32,167 AVENUE NW & 66 STREET NW,167 AVENUE NW & 66 STREET NW,25,Pre-CRC (police reports)
2020,Intersection,32,23 AVENUE NW & TERWILLEGAR DRIVE SOUTHBOUND NW,23 AVENUE NW & TERWILLEGAR DRIVE SOUTHBOUND NW,25,Pre-CRC (police reports)
2020,Intersection,32,ELLERSLIE ROAD SW & JAMES MOWATT TRAIL SW,ELLERSLIE ROAD SW & JAMES MOWATT TRAIL SW,25,Pre-CRC (police reports)
2020,Intersection,32,YELLOWHEAD TRAIL NW & 107 STREET NW,107 STREET NW & YELLOWHEAD TRAIL NW,25,Pre-CRC (police reports)
2020,Intersection,36,23 AVENUE NW & 111 STREET NW,111 STREET NW & 23 AVENUE NW,24,Pre-CRC (police reports)
2020,Intersection,36,34 AVENUE NW & GATEWAY BOULEVARD NW,34 AVENUE NW & GATEWAY BOULEVARD NW,24,Pre-CRC (police reports)
2020,Intersection,36,ANTHONY HENDAY DRIVE SW & RABBIT HILL ROAD SW,ANTHONY HENDAY DRIVE SW & RABBIT HILL ROAD SW,24,Pre-CRC (police reports)
2020,Intersection,39,111 AVENUE NW & 149 STREET NW,111 AVENUE NW & 149 STREET NW,23,Pre-CRC (police reports)
2020,Intersection,39,137 AVENUE NW & 113A STREET NW,113A STREET NW & 137 AVENUE NW,23,Pre-CRC (police reports)
2020,Intersection,39,153 AVENUE NW & 66 STREET NW,153 AVENUE NW & 66 STREET NW,23,Pre-CRC (police reports)
2020,Intersection,39,63 AVENUE NW & 99 STREET NW,63 AVENUE NW & 99 STREET NW,23,Pre-CRC (police reports)
2020,Intersection,39,87 AVENUE NW & 170 STREET NW,170 STREET NW & 87 AVENUE NW,23,Pre-CRC (police reports)
2020,Intersection,39,95 AVENUE NW & 170 STREET NW,170 STREET NW & 95 AVENUE NW,23,Pre-CRC (police reports)
2020,Intersection,45,100 AVENUE NW & 170S STREET NW,100 AVENUE NW & 170S STREET NW,22,Pre-CRC (police reports)
2020,Intersection,45,100 AVENUE NW & 178 STREET NW,100 AVENUE NW & 178 STREET NW,22,Pre-CRC (police reports)
2020,Intersection,45,137 AVENUE NW & 127 STREET NW,127 STREET NW & 137 AVENUE NW,22,Pre-CRC (police reports)
2020,Intersection,45,WHITEMUD DRIVE EASTBOUND NW & GATEWAY BOULEVARD NW,GATEWAY BOULEVARD NW & WHITEMUD DRIVE EASTBOUND NW,22,Pre-CRC (police reports)
2020,Intersection,45,YELLOWHEAD TRAIL EASTBOUND NW & 170 STREET NW,170 STREET NW & YELLOWHEAD TRAIL EASTBOUND NW,22,Pre-CRC (police reports)
2020,Intersection,50,137 AVENUE NW & 82 STREET NW,137 AVENUE NW & 82 STREET NW,21,Pre-CRC (police reports)
2020,Intersection,50,167 AVENUE NW & 127 STREET NW,127 STREET NW & 167 AVENUE NW,21,Pre-CRC (police reports)
2020,Intersection,50,23 AVENUE NW & 66 STREET NW,23 AVENUE NW & 66 STREET NW,21,Pre-CRC (police reports)
2020,Intersection,50,90 AVENUE NW & 170 STREET NW,170 STREET NW & 90 AVENUE NW,21,Pre-CRC (police reports)
2020,Intersection,50,PRINCESS ELIZABETH AVENUE NW & 109W STREET NW,109W STREET NW & PRINCESS ELIZABETH AVENUE NW,21,Pre-CRC (police reports)
2020,Midblock,1,PARSONS ROAD SW BETWEEN ELLERSLIE ROAD SW & ELLWOOD DRIVE SW,PARSONS ROAD SW BETWEEN ELLERSLIE ROAD SW & ELLWOOD DRIVE SW,16,Pre-CRC (police reports)
2020,Midblock,2,YELLOWHEAD TRAIL NW BETWEEN 107-121 STREET NW,YELLOWHEAD TRAIL NW BETWEEN 107-121 STREET NW,12,Pre-CRC (police reports)
2020,Midblock,3,CALGARY TRAIL NW BETWEEN 34-39A AVENUE NW,CALGARY TRAIL NW BETWEEN 34-39A AVENUE NW,11,Pre-CRC (police reports)
2020,Midblock,3,HIGH LEVEL BRIDGE,HIGH LEVEL BRIDGE,11,Pre-CRC (police reports)
2020,Midblock,5,QUESNELL BRIDGE,QUESNELL BRIDGE,10,Pre-CRC (police reports)
2020,Midblock,6,127 STREET NW BETWEEN 137-140 AVENUE NW,127 STREET NW BETWEEN 137-140 AVENUE NW,9,Pre-CRC (police reports)
2020,Midblock,6,178 STREET NW BETWEEN 98A-100 AVENUE NW,178 STREET NW BETWEEN 98A-100 AVENUE NW,9,Pre-CRC (police reports)
2020,Midblock,6,JAMES MOWATT TRAIL SW BETWEEN RUTHERFORD ROAD SW-ELLERSLIE ROAD SW,JAMES MOWATT TRAIL SW BETWEEN RUTHERFORD ROAD SW-ELLERSLIE ROAD SW,9,Pre-CRC (police reports)
2020,Midblock,6,STONY PLAIN ROAD NW BETWEEN 170S-175 STREET NW,STONY PLAIN ROAD NW BETWEEN 170S-175 STREET NW,9,Pre-CRC (police reports)
2020,Midblock,6,WHITEMUD DRIVE NW BETWEEN 149-159 STREET NW,WHITEMUD DRIVE NW BETWEEN 149-159 STREET NW,9,Pre-CRC (police reports)
2020,Midblock,11,17 STREET NW BETWEEN 23-28 AVENUE NW,17 STREET NW BETWEEN 23-28 AVENUE NW,8,Pre-CRC (police reports)
2020,Midblock,11,80 STREET NW BETWEEN 118 AVENUE NW-FORT ROAD NW,80 STREET NW BETWEEN 118 AVENUE NW-FORT ROAD NW,8,Pre-CRC (police reports)
2020,Midblock,11,82 STREET NW BETWEEN YELLOWHEAD TRAIL NW-127 AVENUE NW,82 STREET NW BETWEEN YELLOWHEAD TRAIL NW-127 AVENUE NW,8,Pre-CRC (police reports)
2020,Midblock,11,ANTHONY HENDAY DRIVE NW SOUTHBOUND NORTH OF TERWILLEGAR DRIVE OFF-RAMP-SOUTH ANTHONY HENDAY BRIDGE,ANTHONY HENDAY DRIVE NW SOUTHBOUND NORTH OF TERWILLEGAR DRIVE OFF-RAMP-SOUTH ANTHONY HENDAY BRIDGE,8,Pre-CRC (police reports)
2020,Midblock,11,CALGARY TRAIL SW SB BETWEEN ON-RAMP FROM ELLERSLIE ROAD-ON RAMP FROM ANTHONY HENDAY DRIVE NW,CALGARY TRAIL SW SB BETWEEN ON-RAMP FROM ELLERSLIE ROAD-ON RAMP FROM ANTHONY HENDAY DRIVE NW,8,Pre-CRC (police reports)
2020,Midblock,11,ELLERSLIE ROAD SW BETWEEN 91 STREET-PARSONS ROAD SW,ELLERSLIE ROAD SW BETWEEN 91 STREET-PARSONS ROAD SW,8,Pre-CRC (police reports)
2020,Midblock,11,QUEEN ELIZABETH PARK ROAD NW NORTH OF SASKATCHEWAN DRIVE NW,QUEEN ELIZABETH PARK ROAD NW NORTH OF SASKATCHEWAN DRIVE NW,8,Pre-CRC (police reports)
2020,Midblock,11,WHITEMUD DRIVE NW SOUTHBOUND SOUTH OF 53 AVENUE NW ON-RAMP TO TERWILLEGAR CORNER,WHITEMUD DRIVE NW SOUTHBOUND SOUTH OF 53 AVENUE NW ON-RAMP TO TERWILLEGAR CORNER,8,Pre-CRC (police reports)
2020,Midblock,19,106 STREET NW BETWEEN 97-98 AVENUE NW,106 STREET NW BETWEEN 97-98 AVENUE NW,7,Pre-CRC (police reports)
2020,Midblock,19,137 AVENUE NW BETWEEN 42-50 STREET NW,137 AVENUE NW BETWEEN 42-50 STREET NW,7,Pre-CRC (police reports)
2020,Midblock,19,167 AVENUE NW BTWEEN76-82 STREET NW,167 AVENUE NW BTWEEN76-82 STREET NW,7,Pre-CRC (police reports)
2020,Midblock,19,66 STREET NW BETWEEN 23-28 AVENUE NW,66 STREET NW BETWEEN 23-28 AVENUE NW,7,Pre-CRC (police reports)
2020,Midblock,19,CALGARY TRAIL NW BETWEEN 48-51 AVENUE NW,CALGARY TRAIL NW BETWEEN 48-51 AVENUE NW,7,Pre-CRC (police reports)
2020,Midblock,19,GATEWAY BOULEVARD NE BETWEEN 34-39A AVENUE NW,GATEWAY BOULEVARD NE BETWEEN 34-39A AVENUE NW,7,Pre-CRC (police reports)
2020,Midblock,19,GROAT ROAD NW BETWEEN STONY PLAIN ROAD-107 AVENUE NW OVERPASSES,GROAT ROAD NW BETWEEN STONY PLAIN ROAD-107 AVENUE NW OVERPASSES,7,Pre-CRC (police reports)
2020,Midblock,19,STADIUM ROAD NW BETWEEN 92 STREET-112 AVENUE NW,STADIUM ROAD NW BETWEEN 92 STREET-112 AVENUE NW,7,Pre-CRC (police reports)
2020,Midblock,19,YELLOWHEAD TRAIL NW BETWEEN 97 STREET ON/RAMPS AND 97 STREET UNDERPASS,YELLOWHEAD TRAIL NW BETWEEN 97 STREET ON/RAMPS AND 97 STREET UNDERPASS,7,Pre-CRC (police reports)
2020,Midblock,19,YELLOWHEAD TRAIL NW EASTBOUND BETWEEN 127 STREET-ST. ALBERT TRAIL NW,YELLOWHEAD TRAIL NW EASTBOUND BETWEEN 127 STREET-ST. ALBERT TRAIL NW,7,Pre-CRC (police reports)
2020,Midblock,29,107 AVENUE NW BETWEEN 120-122 STREET NW,107 AVENUE NW BETWEEN 120-122 STREET NW,6,Pre-CRC (police reports)
2020,Midblock,29,111 STREET NW BETWEEN 19-23 AVENUE NW,111 STREET NW BETWEEN 19-23 AVENUE NW,6,Pre-CRC (police reports)
2020,Midblock,29,160 AVENUE NW BETWEEN 95-97 STREET NW,160 AVENUE NW BETWEEN 95-97 STREET NW,6,Pre-CRC (police reports)
2020,Midblock,29,170S STREET NW BETWEEN 100 AVENUE-STONY PLAIN ROAD NW,170S STREET NW BETWEEN 100 AVENUE-STONY PLAIN ROAD NW,6,Pre-CRC (police reports)
2020,Midblock,29,34 AVENUE NW BETWEEN 97-99 STREET NW,34 AVENUE NW BETWEEN 97-99 STREET NW,6,Pre-CRC (police reports)
2020,Midblock,29,97 STREET NW BETWEEN 125A-127 AVENUE NW,97 STREET NW BETWEEN 125A-127 AVENUE NW,6,Pre-CRC (police reports)
2020,Midblock,29,ANTHONY HENDAY DRIVE NW NORTHBOUND NORTH OF 87 AVENUE ON-RAMP,ANTHONY HENDAY DRIVE NW NORTHBOUND NORTH OF 87 AVENUE ON-RAMP,6,Pre-CRC (police reports)
2020,Midblock,29,ANTHONY HENDAY DRIVE NW SOUTHBOUND SOUTH OF 87 AVENUE NW OVERPASS,ANTHONY HENDAY DRIVE NW SOUTHBOUND SOUTH OF 87 AVENUE NW OVERPASS,6,Pre-CRC (police reports)
2020,Midblock,29,CAPILANO BRIDGE,CAPILANO BRIDGE,6,Pre-CRC (police reports)
2020,Midblock,29,FOX DRIVE NW BETWEEN KEILLOR-FORT EDMONTON PARK ROAD NW,FOX DRIVE NW BETWEEN KEILLOR-FORT EDMONTON PARK ROAD NW,6,Pre-CRC (police reports)
2020,Midblock,29,GATEWAY BOULEVARD NW NORTHBOUND NORTH OF ON-RAMP FROM ANTHONY HENDAY DRIVE NW WESTBOUND,GATEWAY BOULEVARD NW NORTHBOUND NORTH OF ON-RAMP FROM ANTHONY HENDAY DRIVE NW WESTBOUND,6,Pre-CRC (police reports)
2020,Midblock,29,LOW LEVEL BRIDGE,LOW LEVEL BRIDGE,6,Pre-CRC (police reports)
2020,Midblock,29,PRINCESS ELIZABETH AVENUE NW BETWEEN 106-109E STREET NW,PRINCESS ELIZABETH AVENUE NW BETWEEN 106-109E STREET NW,6,Pre-CRC (police reports)
2020,Midblock,29,RIVER VALLEY ROAD NW BETWEEN FORTWAY DRIVE-GROAT ROAD NW,RIVER VALLEY ROAD NW BETWEEN FORTWAY DRIVE-GROAT ROAD NW,6,Pre-CRC (police reports)
2020,Midblock,29,WAYNE GRETZKY DRIVE NW NORTH OF ADA BOULEVARD OVERPASS-112 AVENUE NW ON & OFF-RAMPS,WAYNE GRETZKY DRIVE NW NORTH OF ADA BOULEVARD OVERPASS-112 AVENUE NW ON & OFF-RAMPS,6,Pre-CRC (police reports)
2020,Midblock,29,YELLOWHEAD TRAIL EASTBOUND BETWEEN 156 STREET ON-RAMP-149 STREET NW,YELLOWHEAD TRAIL EASTBOUND BETWEEN 156 STREET ON-RAMP-149 STREET NW,6,Pre-CRC (police reports)
2020,Midblock,29,YELLOWHEAD TRAIL NW EASTBOUND WEST OF VICTORIA TRAIL OFF-RAMP NW,YELLOWHEAD TRAIL NW EASTBOUND WEST OF VICTORIA TRAIL OFF-RAMP NW,6,Pre-CRC (police reports)
2020,Midblock,29,YELLOWHEAD TRAIL NW WESTBOUND OFF-RAMP TO ANTHONY HENDAY DRIVE SOUTHBOUND NW,YELLOWHEAD TRAIL NW WESTBOUND OFF-RAMP TO ANTHONY HENDAY DRIVE SOUTHBOUND NW,6,Pre-CRC (police reports)
2020,Midblock,47,109 STREET NW BETWEEN 97-99 AVENUE NW,109 STREET NW BETWEEN 97-99 AVENUE NW,5,Pre-CRC (police reports)
2020,Midblock,47,118 AVENUE NW BETWEEN 34-36 STREET NW,118 AVENUE NW BETWEEN 34-36 STREET NW,5,Pre-CRC (police reports)
2020,Midblock,47,124 STREET NW BETWEEN JASPER AVENUE-102 AVENUE NW,124 STREET NW BETWEEN JASPER AVENUE-102 AVENUE NW,5,Pre-CRC (police reports)
2020,Midblock,47,127 STREET NW BETWEEN 132-133A AVENUE NW,127 STREET NW BETWEEN 132-133A AVENUE NW,5,Pre-CRC (police reports)
2020,Midblock,47,127 STREET NW BETWEEN 167 AVENUE-RAPPERSWILL DRIVE NW,127 STREET NW BETWEEN 167 AVENUE-RAPPERSWILL DRIVE NW,5,Pre-CRC (police reports)
2020,Midblock,47,153 AVENUE NW BETWEEN 82-88 STREET NW,153 AVENUE NW BETWEEN 82-88 STREET NW,5,Pre-CRC (police reports)
2020,Midblock,47,156 STREET NW BETWEEN 111-112 AVENUE NW,156 STREET NW BETWEEN 111-112 AVENUE NW,5,Pre-CRC (police reports)
2020,Midblock,47,50 STREET NW BETWEEN 131-134 AVENUE NW,50 STREET NW BETWEEN 131-134 AVENUE NW,5,Pre-CRC (police reports)
2020,Midblock,47,50 STREET NW BETWEEN 137 AVENUE-MANNING DRIVE EASTBOUND NW,50 STREET NW BETWEEN 137 AVENUE-MANNING DRIVE EASTBOUND NW,5,Pre-CRC (police reports)
2020,Midblock,47,90 AVENUE NW BETWEEN 170-175 STREET NW,90 AVENUE NW BETWEEN 170-175 STREET NW,5,Pre-CRC (police reports)
2020,Midblock,47,97 AVENUE NW BETWEEN 106-109 STREET NW,97 AVENUE NW BETWEEN 106-109 STREET NW,5,Pre-CRC (police reports)
2020,Midblock,47,ANTHONY HENDAY DRIVE NORTHBOUND NW OFF-RAMP TO YELLOWHEAD TRAIL WESTBOUND NW,ANTHONY HENDAY DRIVE NORTHBOUND NW OFF-RAMP TO YELLOWHEAD TRAIL WESTBOUND NW,5,Pre-CRC (police reports)
2020,Midblock,47,ANTHONY HENDAY DRIVE SOUTHBOUND BETWEEN WHITEMUD DRIVE WESTBOUND ON-RAMP-WHITEMUD DRIVE EASTBOUND OFF-RAMP,ANTHONY HENDAY DRIVE SOUTHBOUND BETWEEN WHITEMUD DRIVE WESTBOUND ON-RAMP-WHITEMUD DRIVE EASTBOUND OFF-RAMP,5,Pre-CRC (police reports)
2020,Midblock,47,ANTHONY HENDAY DRIVE WESTBOUND NW EAST AND WEST OF 111 STREET OVERPASS NW,ANTHONY HENDAY DRIVE WESTBOUND NW EAST AND WEST OF 111 STREET OVERPASS NW,5,Pre-CRC (police reports)
2020,Midblock,47,BEVERLY BRIDGE,BEVERLY BRIDGE,5,Pre-CRC (police reports)
2020,Midblock,47,CALGARY TRAIL NW BETWEEN 31-34 AVENUE NW,CALGARY TRAIL NW BETWEEN 31-34 AVENUE NW,5,Pre-CRC (police reports)
2020,Midblock,47,CHAPPELLE BOULEVARD SW BETWEEN CAREY WAY-28 AVENUE SW,CHAPPELLE BOULEVARD SW BETWEEN CAREY WAY-28 AVENUE SW,5,Pre-CRC (police reports)
2020,Midblock,47,ELLERSLIE ROAD SW BETWEEN JAMES MOWATT TRAIL-119 STREET SW,ELLERSLIE ROAD SW BETWEEN JAMES MOWATT TRAIL-119 STREET SW,5,Pre-CRC (police reports)
2020,Midblock,47,FORT ROAD NW SOUTH OF 126A AVENUE NW,FORT ROAD NW SOUTH OF 126A AVENUE NW,5,Pre-CRC (police reports)
2020,Midblock,47,GATEWAY BOULEVARD NW BETWEEN 48-51 AVENUE NW,GATEWAY BOULEVARD NW BETWEEN 48-51 AVENUE NW,5,Pre-CRC (police reports)
2020,Midblock,47,GRIERSON HILL ROAD NW WEST OF LOUISE MCKINNEY RIVERFRONT PARK PARKING LOT,GRIERSON HILL ROAD NW WEST OF LOUISE MCKINNEY RIVERFRONT PARK PARKING LOT,5,Pre-CRC (police reports)
2020,Midblock,47,GROAT ROAD NW BETWEEN 102 AVENUE NW OVERPASS-STONY PLAIN ROAD NW OVERPASS,GROAT ROAD NW BETWEEN 102 AVENUE NW OVERPASS-STONY PLAIN ROAD NW OVERPASS,5,Pre-CRC (police reports)
2020,Midblock,47,GROAT ROAD NW BETWEEN 111-114 AVENUE NW,GROAT ROAD NW BETWEEN 111-114 AVENUE NW,5,Pre-CRC (police reports)
2020,Midblock,47,GROAT ROAD NW BETWEEN VICTORIA PARK ROAD MERGE TO 102 AVENUE OVERPASS NW,GROAT ROAD NW BETWEEN VICTORIA PARK ROAD MERGE TO 102 AVENUE OVERPASS NW,5,Pre-CRC (police reports)
2020,Midblock,47,JAMES MOWATT TRAIL SW BETWEEN ELLERSLIE ROAD-5 AVENUE SW,JAMES MOWATT TRAIL SW BETWEEN ELLERSLIE ROAD-5 AVENUE SW,5,Pre-CRC (police reports)
2020,Midblock,47,SHERWOOD PARK FREEWAY NW BETWEEN 50 STREET-71 AVENUE NW,SHERWOOD PARK FREEWAY NW BETWEEN 50 STREET-71 AVENUE NW,5,Pre-CRC (police reports)
2020,Midblock,47,WALTERDALE BRIDGE,WALTERDALE BRIDGE,5,Pre-CRC (police reports)
2020,Midblock,47,WHITEMUD DRIVE NW BETWEEN LEWIS ESTATES BOULEVARD-WINTERBURN ROAD NW,WHITEMUD DRIVE NW BETWEEN LEWIS ESTATES BOULEVARD-WINTERBURN ROAD NW,5,Pre-CRC (police reports)
2020,Midblock,47,WHITEMUD DRIVE WESTBOUND NW EAST OF ANTHONY HENDAY DRIVE NORTHBOUND ON-RAMP,WHITEMUD DRIVE WESTBOUND NW EAST OF ANTHONY HENDAY DRIVE NORTHBOUND ON-RAMP,5,Pre-CRC (police reports)
2020,Midblock,47,YELLOWHEAD TRAIL NW BETWEEN 143-149 STREET NW,YELLOWHEAD TRAIL NW BETWEEN 143-149 STREET NW,5,Pre-CRC (police reports)
2020,Midblock,47,YELLOWHEAD TRAIL NW WEST OF 82 STREET NW,YELLOWHEAD TRAIL NW WEST OF 82 STREET NW,5,Pre-CRC (police reports)
2021,Intersection,1,YELLOWHEAD TRAIL NW & 127 STREET NW,127 STREET NW & YELLOWHEAD TRAIL NW,81,Pre-CRC (police reports)
2021,Intersection,2,167 AVENUE NW & 97 STREET NW,167 AVENUE NW & 97 STREET NW,66,Pre-CRC (police reports)
2021,Intersection,3,YELLOWHEAD TRAIL NW & 149 STREET NW,149 STREET NW & YELLOWHEAD TRAIL NW,60,Pre-CRC (police reports)
2021,Intersection,4,YELLOWHEAD TRAIL NW & WAYNE GRETZKY DRIVE/FORT ROAD NW,WAYNE GRETZKY DRIVE/FORT ROAD NW & YELLOWHEAD TRAIL NW,59,Pre-CRC (police reports)
2021,Intersection,5,23 AVENUE NW & 91 STREET NW,23 AVENUE NW & 91 STREET NW,56,Pre-CRC (police reports)
2021,Intersection,6,YELLOWHEAD TRAIL NW & 97 STREET NW,97 STREET NW & YELLOWHEAD TRAIL NW,52,Pre-CRC (police reports)
2021,Intersection,7,137 AVENUE NW & 50 STREET NW,137 AVENUE NW & 50 STREET NW,51,Pre-CRC (police reports)
2021,Intersection,7,YELLOWHEAD TRAIL NW & 121 STREET NW,121 STREET NW & YELLOWHEAD TRAIL NW,51,Pre-CRC (police reports)
2021,Intersection,9,118 AVENUE NW & GROAT ROAD NW,118 AVENUE NW & GROAT ROAD NW,48,Pre-CRC (police reports)
2021,Intersection,10,34 AVENUE NW & 91 STREET NW,34 AVENUE NW & 91 STREET NW,46,Pre-CRC (police reports)
2021,Intersection,11,153 AVENUE NW & 127 STREET NW,127 STREET NW & 153 AVENUE NW,43,Pre-CRC (police reports)
2021,Intersection,12,107 AVENUE NW & 142 STREET NW,107 AVENUE NW & 142 STREET NW,42,Pre-CRC (police reports)
2021,Intersection,13,98 AVENUE NW & 75 STREET NW,75 STREET NW & 98 AVENUE NW,41,Pre-CRC (police reports)
2021,Intersection,14,34 AVENUE NW & GATEWAY BOULEVARD NW,34 AVENUE NW & GATEWAY BOULEVARD NW,40,Pre-CRC (police reports)
2021,Intersection,15,WINDERMERE BOULEVARD SW & RABBIT HILL ROAD SW,RABBIT HILL ROAD SW & WINDERMERE BOULEVARD SW,39,Pre-CRC (police reports)
2021,Intersection,16,137 AVENUE NW & 97 STREET NW,137 AVENUE NW & 97 STREET NW,37,Pre-CRC (police reports)
2021,Intersection,16,167 AVENUE NW & 66 STREET NW,167 AVENUE NW & 66 STREET NW,37,Pre-CRC (police reports)
2021,Intersection,16,34 AVENUE NW & CALGARY TRAIL NW,34 AVENUE NW & CALGARY TRAIL NW,37,Pre-CRC (police reports)
2021,Intersection,19,137 AVENUE NW & 82 STREET NW,137 AVENUE NW & 82 STREET NW,35,Pre-CRC (police reports)
2021,Intersection,19,95 AVENUE NW & 170 STREET NW,170 STREET NW & 95 AVENUE NW,35,Pre-CRC (police reports)
2021,Intersection,21,118 AVENUE NW & 97 STREET NW,118 AVENUE NW & 97 STREET NW,32,Pre-CRC (police reports)
2021,Intersection,21,137 AVENUE NW & ST. ALBERT TRAIL NW,137 AVENUE NW & ST. ALBERT TRAIL NW,32,Pre-CRC (police reports)
2021,Intersection,21,167 AVENUE NW & 82 STREET NW,167 AVENUE NW & 82 STREET NW,32,Pre-CRC (police reports)
2021,Intersection,24,137 AVENUE NW & 66 STREET NW,137 AVENUE NW & 66 STREET NW,31,Pre-CRC (police reports)
2021,Intersection,24,153 AVENUE NW & 97 STREET NW,153 AVENUE NW & 97 STREET NW,31,Pre-CRC (police reports)
2021,Intersection,24,23 AVENUE NW & 50 STREET NW,23 AVENUE NW & 50 STREET NW,31,Pre-CRC (police reports)
2021,Intersection,24,90 AVENUE NW & 75 STREET NW,75 STREET NW & 90 AVENUE NW,31,Pre-CRC (police reports)
2021,Intersection,24,ELLERSLIE ROAD SW & JAMES MOWATT TRAIL SW,ELLERSLIE ROAD SW & JAMES MOWATT TRAIL SW,31,Pre-CRC (police reports)
2021,Intersection,24,YELLOWHEAD TRAIL NW & 66 STREET NW,66 STREET NW & YELLOWHEAD TRAIL NW,31,Pre-CRC (police reports)
2021,Intersection,30,137 AVENUE NW & 127 STREET NW,127 STREET NW & 137 AVENUE NW,30,Pre-CRC (police reports)
2021,Intersection,30,23 AVENUE NW & 66 STREET NW,23 AVENUE NW & 66 STREET NW,30,Pre-CRC (police reports)
2021,Intersection,30,WHITEMUD DRIVE NW EASTBOUND & GATEWAY BOULEVARD NW,GATEWAY BOULEVARD NW & WHITEMUD DRIVE NW EASTBOUND,30,Pre-CRC (police reports)
2021,Intersection,33,100 AVENUE NW & 178 STREET NW,100 AVENUE NW & 178 STREET NW,28,Pre-CRC (police reports)
2021,Intersection,33,127 AVENUE NW & 97 STREET NW,127 AVENUE NW & 97 STREET NW,28,Pre-CRC (police reports)
2021,Intersection,33,82 AVENUE NW & 75 STREET NW,75 STREET NW & 82 AVENUE NW,28,Pre-CRC (police reports)
2021,Intersection,33,YELLOWHEAD TRAIL NW & 142 STREET NW,142 STREET NW & YELLOWHEAD TRAIL NW,28,Pre-CRC (police reports)
2021,Intersection,37,153 AVENUE NW & 82 STREET NW,153 AVENUE NW & 82 STREET NW,27,Pre-CRC (police reports)
2021,Intersection,37,ELLERSLIE ROAD SW & CALGARY TRAIL SW,CALGARY TRAIL SW & ELLERSLIE ROAD SW,27,Pre-CRC (police reports)
2021,Intersection,37,STONY PLAIN ROAD & 178 STREET NW,178 STREET NW & STONY PLAIN ROAD,27,Pre-CRC (police reports)
2021,Intersection,37,WINDERMERE BOULEVARD SW & NORTHBOUND 170 STREET SW,NORTHBOUND 170 STREET SW & WINDERMERE BOULEVARD SW,27,Pre-CRC (police reports)
2021,Intersection,41,111 AVENUE NW & GROAT ROAD NW,111 AVENUE NW & GROAT ROAD NW,26,Pre-CRC (police reports)
2021,Intersection,41,167 AVENUE NW & 127 STREET NW,127 STREET NW & 167 AVENUE NW,26,Pre-CRC (police reports)
2021,Intersection,41,62 AVENUE NW & 199 STREET NW,199 STREET NW & 62 AVENUE NW,26,Pre-CRC (police reports)
2021,Intersection,41,FORT ROAD NW & 66 STREET NW,66 STREET NW & FORT ROAD NW,26,Pre-CRC (police reports)
2021,Intersection,45,ELLERSLIE ROAD SW & PARSONS ROAD SW,ELLERSLIE ROAD SW & PARSONS ROAD SW,25,Pre-CRC (police reports)
2021,Intersection,45,STONY PLAIN ROAD NW & 142 STREET NW,142 STREET NW & STONY PLAIN ROAD NW,25,Pre-CRC (police reports)
2021,Intersection,47,104 AVENUE NW & 109 STREET NW,104 AVENUE NW & 109 STREET NW,24,Pre-CRC (police reports)
2021,Intersection,47,111 AVENUE NW & 109 STREET NW,109 STREET NW & 111 AVENUE NW,24,Pre-CRC (police reports)
2021,Intersection,47,118 AVENUE NW & 170 STREET NW,118 AVENUE NW & 170 STREET NW,24,Pre-CRC (police reports)
2021,Intersection,47,34 AVENUE NW & 99 STREET NW,34 AVENUE NW & 99 STREET NW,24,Pre-CRC (police reports)
2021,Intersection,47,38 AVENUE NW & 17 STREET NW,17 STREET NW & 38 AVENUE NW,24,Pre-CRC (police reports)
2021,Intersection,47,ELLERSLIE ROAD SW & 66 STREET SW,66 STREET SW & ELLERSLIE ROAD SW,24,Pre-CRC (police reports)
2021,Intersection,47,YELLOWHEAD TRAIL NW & 107 STREET NW,107 STREET NW & YELLOWHEAD TRAIL NW,24,Pre-CRC (police reports)
2021,Midblock,1,WHITEMUD DRIVE NW BETWEEN QUESNELL BRIDGE AND 149 STREET ON/OFF RAMPS,WHITEMUD DRIVE NW BETWEEN QUESNELL BRIDGE AND 149 STREET ON/OFF RAMPS,22,Pre-CRC (police reports)
2021,Midblock,2,CALGARY TRAIL NW BETWEEN 34-39A AVENUE NW,CALGARY TRAIL NW BETWEEN 34-39A AVENUE NW,19,Pre-CRC (police reports)
2021,Midblock,3,QUESNELL BRIDGE,QUESNELL BRIDGE,15,Pre-CRC (police reports)
2021,Midblock,4,GATEWAY BOULEVARD NW BETWEEN 34-39A AVENUE NW,GATEWAY BOULEVARD NW BETWEEN 34-39A AVENUE NW,14,Pre-CRC (police reports)
2021,Midblock,4,YELLOWHEAD TRAIL NW BETWEEN 107-121 STREET NW,YELLOWHEAD TRAIL NW BETWEEN 107-121 STREET NW,14,Pre-CRC (police reports)
2021,Midblock,6,GATEWAY BOULEVARD NW BETWEEN 31-34 AVENUE NW,GATEWAY BOULEVARD NW BETWEEN 31-34 AVENUE NW,13,Pre-CRC (police reports)
2021,Midblock,6,YELLOWHEAD TRAIL NW BETWEEN 62-66 STREET NW,YELLOWHEAD TRAIL NW BETWEEN 62-66 STREET NW,13,Pre-CRC (police reports)
2021,Midblock,8,HIGH LEVEL BRIDGE,HIGH LEVEL BRIDGE,12,Pre-CRC (police reports)
2021,Midblock,9,ELLERSLIE ROAD SW BETWEEN PARSONS ROAD SW AND 100/101 STREET SW,ELLERSLIE ROAD SW BETWEEN PARSONS ROAD SW AND 100/101 STREET SW,11,Pre-CRC (police reports)
2021,Midblock,9,QUEEN ELIZABETH PARK ROAD NW NORTH OF SASKATCHEWAN DRIVE NW,QUEEN ELIZABETH PARK ROAD NW NORTH OF SASKATCHEWAN DRIVE NW,11,Pre-CRC (police reports)
2021,Midblock,11,50 STREET SW NORTH OF 41 AVENUE SW,50 STREET SW NORTH OF 41 AVENUE SW,10,Pre-CRC (police reports)
2021,Midblock,11,ANTHONY HENDAY DRIVE NW WESTBOUND EAST AND WEST OF 111 STREET NW OVERPASS,ANTHONY HENDAY DRIVE NW WESTBOUND EAST AND WEST OF 111 STREET NW OVERPASS,10,Pre-CRC (police reports)
2021,Midblock,13,137 AVENUE NW BETWEEN 93-97 STREET NW,137 AVENUE NW BETWEEN 93-97 STREET NW,9,Pre-CRC (police reports)
2021,Midblock,13,17 STREET NW BETWEEN 23-28 AVENUE NW,17 STREET NW BETWEEN 23-28 AVENUE NW,9,Pre-CRC (police reports)
2021,Midblock,13,90 AVENUE NW BETWEEN 170-175 STREET NW,90 AVENUE NW BETWEEN 170-175 STREET NW,9,Pre-CRC (police reports)
2021,Midblock,13,ANTHONY HENDAY DRIVE NW SOUTHBOUND NORTH OF TERWILLEGAR DRIVE ON-RAMP,ANTHONY HENDAY DRIVE NW SOUTHBOUND NORTH OF TERWILLEGAR DRIVE ON-RAMP,9,Pre-CRC (police reports)
2021,Midblock,13,ANTHONY HENDAY DRIVE NW SOUTHBOUND SOUTH OF TERWILLEGAR DRIVE ON-RAMP,ANTHONY HENDAY DRIVE NW SOUTHBOUND SOUTH OF TERWILLEGAR DRIVE ON-RAMP,9,Pre-CRC (police reports)
2021,Midblock,13,ANTHONY HENDAY DRIVE NW WESTBOUND EAST AND WEST OF RABBIT HILL ROAD NW OVERPASS,ANTHONY HENDAY DRIVE NW WESTBOUND EAST AND WEST OF RABBIT HILL ROAD NW OVERPASS,9,Pre-CRC (police reports)
2021,Midblock,13,FOX DRIVE NW WEST OF BELGRAVIA ROAD NW,FOX DRIVE NW WEST OF BELGRAVIA ROAD NW,9,Pre-CRC (police reports)
2021,Midblock,13,RIVER VALLEY ROAD NW WEST OF FORTWAY DRIVE NW,RIVER VALLEY ROAD NW WEST OF FORTWAY DRIVE NW,9,Pre-CRC (police reports)
2021,Midblock,21,17 STREET NW NORTH OF WHITEMUD DRIVE NW WESTBOUND,17 STREET NW NORTH OF WHITEMUD DRIVE NW WESTBOUND,8,Pre-CRC (police reports)
2021,Midblock,21,ELLERSLIE ROAD SW BETWEET91 STREET SW-PARSONS ROAD SW,ELLERSLIE ROAD SW BETWEET91 STREET SW-PARSONS ROAD SW,8,Pre-CRC (police reports)
2021,Midblock,21,GROAT ROAD NW BETWEEN STONY PLAIN ROAD NW-107 AVENUE NW OVERPASSES,GROAT ROAD NW BETWEEN STONY PLAIN ROAD NW-107 AVENUE NW OVERPASSES,8,Pre-CRC (police reports)
2021,Midblock,21,PARSONS ROAD SW BETWEEN ELLERSLIE ROAD SW-ELLWOOD DRIVE SW,PARSONS ROAD SW BETWEEN ELLERSLIE ROAD SW-ELLWOOD DRIVE SW,8,Pre-CRC (police reports)
2021,Midblock,21,SHERWOOD PARK FREEWAY NW WEST OF 50 STREET NW,SHERWOOD PARK FREEWAY NW WEST OF 50 STREET NW,8,Pre-CRC (police reports)
2021,Midblock,21,WHITEMUD DRIVE NW SOUTH/EASTBOUND BETWEEN 53 AVENUE NW AND TERWILLEGAR DRIVE NW OFF-RAMPS,WHITEMUD DRIVE NW SOUTH/EASTBOUND BETWEEN 53 AVENUE NW AND TERWILLEGAR DRIVE NW OFF-RAMPS,8,Pre-CRC (police reports)
2021,Midblock,21,WINTERBURN ROAD NW BETWEEN GLASTONBURY BOULEVARD NW-CHIEF LAPOTAC BOULEVARD NW,WINTERBURN ROAD NW BETWEEN GLASTONBURY BOULEVARD NW-CHIEF LAPOTAC BOULEVARD NW,8,Pre-CRC (police reports)
2021,Midblock,21,YELLOWHEAD TRAIL NW EASTBOUND BETWEEN 215 STREET NW ON AND OFF RAMPS,YELLOWHEAD TRAIL NW EASTBOUND BETWEEN 215 STREET NW ON AND OFF RAMPS,8,Pre-CRC (police reports)
2021,Midblock,29,109 STREET NW BETWEEN 88 AVENUE NW-HIGH LEVEL BRIDGE,109 STREET NW BETWEEN 88 AVENUE NW-HIGH LEVEL BRIDGE,7,Pre-CRC (police reports)
2021,Midblock,29,34 AVENUE NW BETWEEN 99 STREET NW-GATEWAY BOULEVARD NW,34 AVENUE NW BETWEEN 99 STREET NW-GATEWAY BOULEVARD NW,7,Pre-CRC (police reports)
2021,Midblock,29,ANTHONY HENDAY DRIVE NW NORTHBOUND BETWEEN 130 AVENUE NW ON AND OFF RAMPS,ANTHONY HENDAY DRIVE NW NORTHBOUND BETWEEN 130 AVENUE NW ON AND OFF RAMPS,7,Pre-CRC (police reports)
2021,Midblock,29,ANTHONY HENDAY DRIVE WESTBOUND WO HIGHWAY 14 ON-RAMP,ANTHONY HENDAY DRIVE WESTBOUND WO HIGHWAY 14 ON-RAMP,7,Pre-CRC (police reports)
2021,Midblock,29,CALGARY TRAIL NW BETWEEN 31-34 AVENUE NW,CALGARY TRAIL NW BETWEEN 31-34 AVENUE NW,7,Pre-CRC (police reports)
2021,Midblock,29,ELLERSLIE ROAD SW BETWEEN 85-91 STREET SW,ELLERSLIE ROAD SW BETWEEN 85-91 STREET SW,7,Pre-CRC (police reports)
2021,Midblock,29,GATEWAY BOULEVARD NW BETWEEN 42 AVENUE NW-WHITEMUD DRIVE EASTBOUND,GATEWAY BOULEVARD NW BETWEEN 42 AVENUE NW-WHITEMUD DRIVE EASTBOUND,7,Pre-CRC (police reports)
2021,Midblock,29,GROAT ROAD NW BETWEEN 102 AVENUE NW & STONY PLAIN ROAD NW OVERPASSES,GROAT ROAD NW BETWEEN 102 AVENUE NW & STONY PLAIN ROAD NW OVERPASSES,7,Pre-CRC (police reports)
2021,Midblock,29,VICTORIA PARK ROAD NW WEST OF 116 STREET NW,VICTORIA PARK ROAD NW WEST OF 116 STREET NW,7,Pre-CRC (police reports)
2021,Midblock,29,WALTERDALE BRIDGE,WALTERDALE BRIDGE,7,Pre-CRC (police reports)
2021,Midblock,29,WHITEMUD DRIVE NW BETWEEN LEWIS ESTATES BOULEVARD NW-WINTERBURN ROAD NW,WHITEMUD DRIVE NW BETWEEN LEWIS ESTATES BOULEVARD NW-WINTERBURN ROAD NW,7,Pre-CRC (police reports)
2021,Midblock,29,WHITEMUD DRIVE SOUTHBOUND NORTH OF 53 AVENUE NW OVERPASS,WHITEMUD DRIVE SOUTHBOUND NORTH OF 53 AVENUE NW OVERPASS,7,Pre-CRC (police reports)
2021,Midblock,41,102 STREET NW NORTH OF 13 AVENUE NW,102 STREET NW NORTH OF 13 AVENUE NW,6,Pre-CRC (police reports)
2021,Midblock,41,118 AVENUE NW BETWEEN 34-36 STREET NW,118 AVENUE NW BETWEEN 34-36 STREET NW,6,Pre-CRC (police reports)
2021,Midblock,41,127 STREET NW BETWEEN 140-142 AVENUE NW,127 STREET NW BETWEEN 140-142 AVENUE NW,6,Pre-CRC (police reports)
2021,Midblock,41,153 AVENUE NW BETWEEN CASTLE DOWNS ROAD NW-121 STREET NW,153 AVENUE NW BETWEEN CASTLE DOWNS ROAD NW-121 STREET NW,6,Pre-CRC (police reports)
2021,Midblock,41,156 STREET NW BETWEEN 128-131 AVENUE NW,156 STREET NW BETWEEN 128-131 AVENUE NW,6,Pre-CRC (police reports)
2021,Midblock,41,160 AVENUE NW BETWEEN 95-97 STREET NW,160 AVENUE NW BETWEEN 95-97 STREET NW,6,Pre-CRC (police reports)
2021,Midblock,41,167 AVENUE NW BETWEEN 76-82 STREET NW,167 AVENUE NW BETWEEN 76-82 STREET NW,6,Pre-CRC (police reports)
2021,Midblock,41,178 STREET NW BETWEEN 98A-100 AVENUE NW,178 STREET NW BETWEEN 98A-100 AVENUE NW,6,Pre-CRC (police reports)
2021,Midblock,41,66 STREET NW BETWEEN 144-149 AVENUE NW,66 STREET NW BETWEEN 144-149 AVENUE NW,6,Pre-CRC (police reports)
2021,Midblock,41,75 STREET NW NORTH OF 101 AVENUE NW,75 STREET NW NORTH OF 101 AVENUE NW,6,Pre-CRC (police reports)
2021,Midblock,41,97 STREET NW BETWEEN 125A-127 AVENUE NW,97 STREET NW BETWEEN 125A-127 AVENUE NW,6,Pre-CRC (police reports)
2021,Midblock,41,ANTHONY HENDAY DRIVE NW EASTBOUND BETWEEN RABBIT HILL ROAD NW ON AND OFF-RAMPS,ANTHONY HENDAY DRIVE NW EASTBOUND BETWEEN RABBIT HILL ROAD NW ON AND OFF-RAMPS,6,Pre-CRC (police reports)
2021,Midblock,41,ANTHONY HENDAY DRIVE NW NORTHBOUND NORTH OF LESSARD ROAD NW OFF-RAMP,ANTHONY HENDAY DRIVE NW NORTHBOUND NORTH OF LESSARD ROAD NW OFF-RAMP,6,Pre-CRC (police reports)
2021,Midblock,41,ANTHONY HENDAY DRIVE NW SOUTHBOUND NORTH AND SOUTH OF YELLOWHEAD TRAIL NW OVERPASS,ANTHONY HENDAY DRIVE NW SOUTHBOUND NORTH AND SOUTH OF YELLOWHEAD TRAIL NW OVERPASS,6,Pre-CRC (police reports)
2021,Midblock,41,ANTHONY HENDAY DRIVE NW WESTBOUND WEST OF 91 STREET NW OFF-RAMP,ANTHONY HENDAY DRIVE NW WESTBOUND WEST OF 91 STREET NW OFF-RAMP,6,Pre-CRC (police reports)
2021,Midblock,41,ANTHONY HENDAY NW NORTHBOUND BETWEEN TERWILLEGAR DRIVE NW ON AND OFF-RAMPS,ANTHONY HENDAY NW NORTHBOUND BETWEEN TERWILLEGAR DRIVE NW ON AND OFF-RAMPS,6,Pre-CRC (police reports)
2021,Midblock,41,BEVERLY BRIDGE,BEVERLY BRIDGE,6,Pre-CRC (police reports)
2021,Midblock,41,CALGARY TRAIL NW BETWEEN 48-51 AVENUE NW,CALGARY TRAIL NW BETWEEN 48-51 AVENUE NW,6,Pre-CRC (police reports)
2021,Midblock,41,CALGARY TRAIL NW BETWEEN 51-55 AVENUE NW,CALGARY TRAIL NW BETWEEN 51-55 AVENUE NW,6,Pre-CRC (police reports)
2021,Midblock,41,CASTLE DOWNS ROAD NW BETWEEN 153-157 AVENUE NW,CASTLE DOWNS ROAD NW BETWEEN 153-157 AVENUE NW,6,Pre-CRC (police reports)
2021,Midblock,41,GATEWAY BOULEVARD NB NORTH OF ANTHONY HENDAY DRIVE NW WESTBOUND OFF-RAMP,GATEWAY BOULEVARD NB NORTH OF ANTHONY HENDAY DRIVE NW WESTBOUND OFF-RAMP,6,Pre-CRC (police reports)
2021,Midblock,41,SHERWOOD PARK FREEWAY NW BETWEEN 34-50 STREET NW,SHERWOOD PARK FREEWAY NW BETWEEN 34-50 STREET NW,6,Pre-CRC (police reports)
2021,Midblock,41,WHITEMUD DRIVE NW SOUTH OF QUESNELL BRIDGE,WHITEMUD DRIVE NW SOUTH OF QUESNELL BRIDGE,6,Pre-CRC (police reports)
2021,Midblock,41,WHITEMUD DRIVE NW WEST OF 149 STREET NW,WHITEMUD DRIVE NW WEST OF 149 STREET NW,6,Pre-CRC (police reports)
2021,Midblock,41,YELLOWHEAD TRAIL NW WESTBOUND WEST OF 127 STREET NW,YELLOWHEAD TRAIL NW WESTBOUND WEST OF 127 STREET NW,6,Pre-CRC (police reports)
2022,Intersection,1,167 AVENUE NW & 97 STREET NW,167 AVENUE NW & 97 STREET NW,78,Transition (CRC from Sep 2022)
2022,Intersection,2,107 AVENUE NW & 142 STREET NW,107 AVENUE NW & 142 STREET NW,75,Transition (CRC from Sep 2022)
2022,Intersection,2,YELLOWHEAD TRAIL NW & 97 STREET NW,97 STREET NW & YELLOWHEAD TRAIL NW,75,Transition (CRC from Sep 2022)
2022,Intersection,4,23 AVENUE NW & 91 STREET NW,23 AVENUE NW & 91 STREET NW,74,Transition (CRC from Sep 2022)
2022,Intersection,5,YELLOWHEAD TRAIL NW & 149 STREET NW,149 STREET NW & YELLOWHEAD TRAIL NW,60,Transition (CRC from Sep 2022)
2022,Intersection,6,WINDERMERE BOULEVARD SW & RABBIT HILL ROAD NW,RABBIT HILL ROAD NW & WINDERMERE BOULEVARD SW,57,Transition (CRC from Sep 2022)
2022,Intersection,7,118 AVENUE NW & GROAT ROAD NW,118 AVENUE NW & GROAT ROAD NW,56,Transition (CRC from Sep 2022)
2022,Intersection,8,YELLOWHEAD TRAIL NW & 127 STREET NW,127 STREET NW & YELLOWHEAD TRAIL NW,55,Transition (CRC from Sep 2022)
2022,Intersection,9,34 AVENUE NW & CALGARY TRAIL NW,34 AVENUE NW & CALGARY TRAIL NW,51,Transition (CRC from Sep 2022)
2022,Intersection,9,34 AVENUE NW & GATEWAY BOULEVARD NW,34 AVENUE NW & GATEWAY BOULEVARD NW,51,Transition (CRC from Sep 2022)
2022,Intersection,11,23 AVENUE NW & 50 STREET NW,23 AVENUE NW & 50 STREET NW,50,Transition (CRC from Sep 2022)
2022,Intersection,12,137 AVENUE NW & 82 STREET NW,137 AVENUE NW & 82 STREET NW,48,Transition (CRC from Sep 2022)
2022,Intersection,13,118 AVENUE NW & 97 STREET NW,118 AVENUE NW & 97 STREET NW,47,Transition (CRC from Sep 2022)
2022,Intersection,13,82 AVENUE NW & 75 STREET NW,75 STREET NW & 82 AVENUE NW,47,Transition (CRC from Sep 2022)
2022,Intersection,13,ELLERSLIE ROAD SW & PARSONS ROAD SW,ELLERSLIE ROAD SW & PARSONS ROAD SW,47,Transition (CRC from Sep 2022)
2022,Intersection,13,YELLOWHEAD TRAIL NW & 121 STREET NW,121 STREET NW & YELLOWHEAD TRAIL NW,47,Transition (CRC from Sep 2022)
2022,Intersection,17,153 AVENUE NW & 97 STREET NW,153 AVENUE NW & 97 STREET NW,45,Transition (CRC from Sep 2022)
2022,Intersection,18,137 AVENUE NW & 50 STREET NW,137 AVENUE NW & 50 STREET NW,44,Transition (CRC from Sep 2022)
2022,Intersection,18,137 AVENUE NW & 97 STREET NW,137 AVENUE NW & 97 STREET NW,44,Transition (CRC from Sep 2022)
2022,Intersection,18,34 AVENUE NW & 91 STREET NW,34 AVENUE NW & 91 STREET NW,44,Transition (CRC from Sep 2022)
2022,Intersection,21,87 AVENUE NW & 178 STREET NW,178 STREET NW & 87 AVENUE NW,43,Transition (CRC from Sep 2022)
2022,Intersection,22,87 AVENUE NW & 149 STREET NW,149 STREET NW & 87 AVENUE NW,41,Transition (CRC from Sep 2022)
2022,Intersection,22,98 AVENUE NW & 75 STREET NW,75 STREET NW & 98 AVENUE NW,41,Transition (CRC from Sep 2022)
2022,Intersection,22,WHITEMUD DRIVE NW EASTBOUND & GATEWAY BOULEVARD NW,GATEWAY BOULEVARD NW & WHITEMUD DRIVE NW EASTBOUND,41,Transition (CRC from Sep 2022)
2022,Intersection,25,153 AVENUE NW & 127 STREET NW,127 STREET NW & 153 AVENUE NW,40,Transition (CRC from Sep 2022)
2022,Intersection,26,100 AVENUE NW & 178 STREET NW,100 AVENUE NW & 178 STREET NW,39,Transition (CRC from Sep 2022)
2022,Intersection,26,WINDERMERE BOULEVARD SW & 170 STREET NORTHBOUND SW,170 STREET NORTHBOUND SW & WINDERMERE BOULEVARD SW,39,Transition (CRC from Sep 2022)
2022,Intersection,28,YELLOWHEAD TRAIL NW & 66 STREET NW,66 STREET NW & YELLOWHEAD TRAIL NW,38,Transition (CRC from Sep 2022)
2022,Intersection,29,111 AVENUE NW & 109 STREET NW,109 STREET NW & 111 AVENUE NW,37,Transition (CRC from Sep 2022)
2022,Intersection,29,167 AVENUE NW & 127 STREET NW,127 STREET NW & 167 AVENUE NW,37,Transition (CRC from Sep 2022)
2022,Intersection,29,167 AVENUE NW & 82 STREET NW,167 AVENUE NW & 82 STREET NW,37,Transition (CRC from Sep 2022)
2022,Intersection,32,111 AVENUE NW & GROAT ROAD NW,111 AVENUE NW & GROAT ROAD NW,35,Transition (CRC from Sep 2022)
2022,Intersection,32,137 AVENUE NW & 113A STREET NW,113A STREET NW & 137 AVENUE NW,35,Transition (CRC from Sep 2022)
2022,Intersection,32,YELLOWHEAD TRAIL NW & FORT ROAD NW,FORT ROAD NW & YELLOWHEAD TRAIL NW,35,Transition (CRC from Sep 2022)
2022,Intersection,35,127 AVENUE NW & 82 STREET NW,127 AVENUE NW & 82 STREET NW,34,Transition (CRC from Sep 2022)
2022,Intersection,35,127 AVENUE NW & 97 STREET NW,127 AVENUE NW & 97 STREET NW,34,Transition (CRC from Sep 2022)
2022,Intersection,35,137 AVENUE NW & ST. ALBERT TRAIL NW,137 AVENUE NW & ST. ALBERT TRAIL NW,34,Transition (CRC from Sep 2022)
2022,Intersection,35,153 AVENUE NW & 82 STREET NW,153 AVENUE NW & 82 STREET NW,34,Transition (CRC from Sep 2022)
2022,Intersection,35,23 AVENUE NW & 66 STREET NW,23 AVENUE NW & 66 STREET NW,34,Transition (CRC from Sep 2022)
2022,Intersection,35,87 AVENUE NW & 170 STREET NW,170 STREET NW & 87 AVENUE NW,34,Transition (CRC from Sep 2022)
2022,Intersection,35,95 AVENUE NW & 170 STREET NW,170 STREET NW & 95 AVENUE NW,34,Transition (CRC from Sep 2022)
2022,Intersection,42,137 AVENUE NW & 127 STREET NW,127 STREET NW & 137 AVENUE NW,33,Transition (CRC from Sep 2022)
2022,Intersection,43,104 AVENUE NW & 109 STREET NW,104 AVENUE NW & 109 STREET NW,32,Transition (CRC from Sep 2022)
2022,Intersection,43,23 AVENUE NW & 111 STREET NW,111 STREET NW & 23 AVENUE NW,32,Transition (CRC from Sep 2022)
2022,Intersection,43,23 AVENUE NW & TERWILLEGAR DRIVE NW NORTHBOUND,23 AVENUE NW & TERWILLEGAR DRIVE NW NORTHBOUND,32,Transition (CRC from Sep 2022)
2022,Intersection,43,ELLERSLIE ROAD SW & JAMES MOWATT TRAIL SW,ELLERSLIE ROAD SW & JAMES MOWATT TRAIL SW,32,Transition (CRC from Sep 2022)
2022,Intersection,47,118 AVENUE NW & 170 STREET NW,118 AVENUE NW & 170 STREET NW,30,Transition (CRC from Sep 2022)
2022,Intersection,47,137 AVENUE NW & 66 STREET NW,137 AVENUE NW & 66 STREET NW,30,Transition (CRC from Sep 2022)
2022,Intersection,47,34 AVENUE NW & 99 STREET NW,34 AVENUE NW & 99 STREET NW,30,Transition (CRC from Sep 2022)
2022,Intersection,47,38 AVENUE NW & 17 STREET NW,17 STREET NW & 38 AVENUE NW,30,Transition (CRC from Sep 2022)
2022,Midblock,1,CALGARY TRAIL NW BETWEEN 34-39A AVENUE NW,CALGARY TRAIL NW BETWEEN 34-39A AVENUE NW,30,Transition (CRC from Sep 2022)
2022,Midblock,2,WHITEMUD DRIVE NW BETWEEN QUESNELL BRIDGE AND 149 STREET ON/OFF RAMPS,WHITEMUD DRIVE NW BETWEEN QUESNELL BRIDGE AND 149 STREET ON/OFF RAMPS,21,Transition (CRC from Sep 2022)
2022,Midblock,3,HIGH LEVEL BRIDGE,HIGH LEVEL BRIDGE,20,Transition (CRC from Sep 2022)
2022,Midblock,4,86 STREET/STADIUM ROAD NW BETWEEN MUTTART CROSSING-112 AVENUE NW,86 STREET/STADIUM ROAD NW BETWEEN MUTTART CROSSING-112 AVENUE NW,14,Transition (CRC from Sep 2022)
2022,Midblock,4,ANTHONY HENDAY NW NORTHBOUND BETWEEN TERWILLEGAR DRIVE NW ON AND OFF-RAMPS,ANTHONY HENDAY NW NORTHBOUND BETWEEN TERWILLEGAR DRIVE NW ON AND OFF-RAMPS,14,Transition (CRC from Sep 2022)
2022,Midblock,4,GATEWAY BOULEVARD NW BETWEEN 34-39A AVENUE NW,GATEWAY BOULEVARD NW BETWEEN 34-39A AVENUE NW,14,Transition (CRC from Sep 2022)
2022,Midblock,4,QUESNELL BRIDGE,QUESNELL BRIDGE,14,Transition (CRC from Sep 2022)
2022,Midblock,8,111 STREET NW BETWEEN 19-23 AVENUE NW,111 STREET NW BETWEEN 19-23 AVENUE NW,13,Transition (CRC from Sep 2022)
2022,Midblock,8,137 AVENUE NW BETWEEN 93-97 STREET NW,137 AVENUE NW BETWEEN 93-97 STREET NW,13,Transition (CRC from Sep 2022)
2022,Midblock,8,ANTHONY HENDAY DRIVE NW EASTBOUND BETWEEN ON AND OFF RAMPS TO 111 STREET NW,ANTHONY HENDAY DRIVE NW EASTBOUND BETWEEN ON AND OFF RAMPS TO 111 STREET NW,13,Transition (CRC from Sep 2022)
2022,Midblock,11,137 AVENUE NW BETWEEN VICTORIA TRAIL NW-34 STREET NW,137 AVENUE NW BETWEEN VICTORIA TRAIL NW-34 STREET NW,12,Transition (CRC from Sep 2022)
2022,Midblock,11,ANTHONY HENDAY DRIVE NW EASTBOUND BETWEEN OFF RAMP FROM 111 STREET NW-ON RAMP TO CALGARY TRAIL NW,ANTHONY HENDAY DRIVE NW EASTBOUND BETWEEN OFF RAMP FROM 111 STREET NW-ON RAMP TO CALGARY TRAIL NW,12,Transition (CRC from Sep 2022)
2022,Midblock,11,PARSONS ROAD SW BETWEEN ELLERSLIE ROAD-ELLWOOD DRIVE SW,PARSONS ROAD SW BETWEEN ELLERSLIE ROAD-ELLWOOD DRIVE SW,12,Transition (CRC from Sep 2022)
2022,Midblock,14,90 AVENUE NW BETWEEN 170-175 STREET NW,90 AVENUE NW BETWEEN 170-175 STREET NW,11,Transition (CRC from Sep 2022)
2022,Midblock,14,ANTHONY HENDAY DRIVE NW SOUTHBOUND BETWEEN TERWILLEGAR DRIVE NW ON AND OFF RAMPS,ANTHONY HENDAY DRIVE NW SOUTHBOUND BETWEEN TERWILLEGAR DRIVE NW ON AND OFF RAMPS,11,Transition (CRC from Sep 2022)
2022,Midblock,14,CALGARY TRAIL SW SOUTHBOUND BETWEEN ON RAMPS FROM ANTHONY HENDAY DRIVE NW AND ELLERSLIE ROAD SW,CALGARY TRAIL SW SOUTHBOUND BETWEEN ON RAMPS FROM ANTHONY HENDAY DRIVE NW AND ELLERSLIE ROAD SW,11,Transition (CRC from Sep 2022)
2022,Midblock,17,ANTHONY HENDAY DRIVE NW EASTBOUND BETWEEN RABBIT HILL ROAD NW ON AND OFF-RAMPS,ANTHONY HENDAY DRIVE NW EASTBOUND BETWEEN RABBIT HILL ROAD NW ON AND OFF-RAMPS,10,Transition (CRC from Sep 2022)
2022,Midblock,17,QUEEN ELIZABETH PARK ROAD NW BETWEEN SASKATCHEWAN DRIVE-WALTERDALE HILL NW,QUEEN ELIZABETH PARK ROAD NW BETWEEN SASKATCHEWAN DRIVE-WALTERDALE HILL NW,10,Transition (CRC from Sep 2022)
2022,Midblock,17,YELLOWHEAD TRAIL NW EAST AND WESTBOUND BETWEEN 82 STREET OVERPASS AND 82 STREET NW ON AND OFF RAMPS,YELLOWHEAD TRAIL NW EAST AND WESTBOUND BETWEEN 82 STREET OVERPASS AND 82 STREET NW ON AND OFF RAMPS,10,Transition (CRC from Sep 2022)
2022,Midblock,20,170 STREET NW BETWEEN 87-90 AVENUE NW,170 STREET NW BETWEEN 87-90 AVENUE NW,9,Transition (CRC from Sep 2022)
2022,Midblock,20,97 STREET NW BETWEEN 135-137 AVENUE NW,97 STREET NW BETWEEN 135-137 AVENUE NW,9,Transition (CRC from Sep 2022)
2022,Midblock,20,CALGARY TRAIL NW BETWEEN 31-34 AVENUE NW,CALGARY TRAIL NW BETWEEN 31-34 AVENUE NW,9,Transition (CRC from Sep 2022)
2022,Midblock,20,GATEWAY BOULEVARD NW BETWEEN 31-34 AVENUE NW,GATEWAY BOULEVARD NW BETWEEN 31-34 AVENUE NW,9,Transition (CRC from Sep 2022)
2022,Midblock,20,RAINBOW VALLEY BRIDGE,RAINBOW VALLEY BRIDGE,9,Transition (CRC from Sep 2022)
2022,Midblock,20,SHERWOOD PARK FREEWAY NW BETWEEN 34-50 STREET NW,SHERWOOD PARK FREEWAY NW BETWEEN 34-50 STREET NW,9,Transition (CRC from Sep 2022)
2022,Midblock,20,WHITEMUD DRIVE NW SOUTHBOUND BETWEEN ON RAMPS OF 53 AVENUE NW & TERWILLEGAR DRIVE NW,WHITEMUD DRIVE NW SOUTHBOUND BETWEEN ON RAMPS OF 53 AVENUE NW & TERWILLEGAR DRIVE NW,9,Transition (CRC from Sep 2022)
2022,Midblock,20,WHITEMUD DRIVE NW WESTBOUND BETWEEN 106 STREET NW OVERPASS-OFF RAMP TO 111 STREET NW,WHITEMUD DRIVE NW WESTBOUND BETWEEN 106 STREET NW OVERPASS-OFF RAMP TO 111 STREET NW,9,Transition (CRC from Sep 2022)
2022,Midblock,28,109 STREET NW BETWEEN 97-99 AVENUE NW,109 STREET NW BETWEEN 97-99 AVENUE NW,8,Transition (CRC from Sep 2022)
2022,Midblock,28,ANTHONY HENDAY DRIVE NW EASTBOUND BETWEEN OFF AND OFF RAMPS TO 184 STREET/MASKEKOSIHK TRAIL NW,ANTHONY HENDAY DRIVE NW EASTBOUND BETWEEN OFF AND OFF RAMPS TO 184 STREET/MASKEKOSIHK TRAIL NW,8,Transition (CRC from Sep 2022)
2022,Midblock,28,ANTHONY HENDAY DRIVE NW SOUTHBOUND BETWEEN 87 STREET NW OVERPASS-OFF RAMP TO WHITEMUD DRIVE NW,ANTHONY HENDAY DRIVE NW SOUTHBOUND BETWEEN 87 STREET NW OVERPASS-OFF RAMP TO WHITEMUD DRIVE NW,8,Transition (CRC from Sep 2022)
2022,Midblock,28,BELGRAVIA ROAD NW BETWEEN 116 STREET NW-FOX DRIVE NW,BELGRAVIA ROAD NW BETWEEN 116 STREET NW-FOX DRIVE NW,8,Transition (CRC from Sep 2022)
2022,Midblock,28,ELLERSLIE ROAD SW BETWEEN 91 STREET-PARSONS ROAD SW,ELLERSLIE ROAD SW BETWEEN 91 STREET-PARSONS ROAD SW,8,Transition (CRC from Sep 2022)
2022,Midblock,28,FOX DRIVE NW BETWEEN BELGRAVIA ROAD-KEILLOR ROAD NW,FOX DRIVE NW BETWEEN BELGRAVIA ROAD-KEILLOR ROAD NW,8,Transition (CRC from Sep 2022)
2022,Midblock,28,HEWES WAY NW BETWEEN 23-25 AVENUE NW,HEWES WAY NW BETWEEN 23-25 AVENUE NW,8,Transition (CRC from Sep 2022)
2022,Midblock,28,WHITEMUD DRIVE NW BETWEEN FOX DRIVE ON AND OFF RAMPS,WHITEMUD DRIVE NW BETWEEN FOX DRIVE ON AND OFF RAMPS,8,Transition (CRC from Sep 2022)
2022,Midblock,36,109 STREET NW BETWEEN 107-108 AVENUE NW,109 STREET NW BETWEEN 107-108 AVENUE NW,7,Transition (CRC from Sep 2022)
2022,Midblock,36,178 STREET NW BETWEEN 98A-100 AVENUE NW,178 STREET NW BETWEEN 98A-100 AVENUE NW,7,Transition (CRC from Sep 2022)
2022,Midblock,36,34 AVENUE NW BETWEEN 99 STREET-GATEWAY BOULEVARD NW,34 AVENUE NW BETWEEN 99 STREET-GATEWAY BOULEVARD NW,7,Transition (CRC from Sep 2022)
2022,Midblock,36,50 STREET NW NB OVERPASS OF ANTHONY HENDAY DRIVE NW,50 STREET NW NB OVERPASS OF ANTHONY HENDAY DRIVE NW,7,Transition (CRC from Sep 2022)
2022,Midblock,36,82 AVENUE NW BETWEEN 105-106 STREET NW,82 AVENUE NW BETWEEN 105-106 STREET NW,7,Transition (CRC from Sep 2022)
2022,Midblock,36,ANTHONY HENDAY BRIDGE SOUTH,ANTHONY HENDAY BRIDGE SOUTH,7,Transition (CRC from Sep 2022)
2022,Midblock,36,ANTHONY HENDAY DRIVE NW NORTHBOUND BETWEEN TERWILLEGAR DRIVE NW OFF RAMP AND ANTHONY HENDAY BRIDGE SOUTH,ANTHONY HENDAY DRIVE NW NORTHBOUND BETWEEN TERWILLEGAR DRIVE NW OFF RAMP AND ANTHONY HENDAY BRIDGE SOUTH,7,Transition (CRC from Sep 2022)
2022,Midblock,36,ANTHONY HENDAY DRIVE NW SOUTHBOUND BETWEEN ON AND OFF RAMPS TO WHITEMUD DRIVE NW,ANTHONY HENDAY DRIVE NW SOUTHBOUND BETWEEN ON AND OFF RAMPS TO WHITEMUD DRIVE NW,7,Transition (CRC from Sep 2022)
2022,Midblock,36,ANTHONY HENDAY DRIVE NW WESTBOUND BETWEEN 111 STREET NW ON AND OFF RAMPS,ANTHONY HENDAY DRIVE NW WESTBOUND BETWEEN 111 STREET NW ON AND OFF RAMPS,7,Transition (CRC from Sep 2022)
2022,Midblock,36,ANTHONY HENDAY DRIVE NW WESTBOUND BETWEEN MANNING DRIVE OFF RAMP-MANNING DRIVE OVERPASS,ANTHONY HENDAY DRIVE NW WESTBOUND BETWEEN MANNING DRIVE OFF RAMP-MANNING DRIVE OVERPASS,7,Transition (CRC from Sep 2022)
2022,Midblock,36,ANTHONY HENDAY DRIVE NW WESTBOUND EAST OF 17 STREET NW OVERPASS,ANTHONY HENDAY DRIVE NW WESTBOUND EAST OF 17 STREET NW OVERPASS,7,Transition (CRC from Sep 2022)
2022,Midblock,36,ANTHONY HENDAY DRIVE NW WESTBOUND WEST OF OLD 119 STREET NW ACCESS,ANTHONY HENDAY DRIVE NW WESTBOUND WEST OF OLD 119 STREET NW ACCESS,7,Transition (CRC from Sep 2022)
2022,Midblock,36,CALGARY TRAIL NW BETWEEN ELLERSLIE ROAD SW ON RAMP-WHITEMUD DRIVE NW OFF RAMP,CALGARY TRAIL NW BETWEEN ELLERSLIE ROAD SW ON RAMP-WHITEMUD DRIVE NW OFF RAMP,7,Transition (CRC from Sep 2022)
2022,Midblock,36,ELLERSLIE ROAD SW BETWEEN 109 STREET-JAMES MOWATT TRAIL SW,ELLERSLIE ROAD SW BETWEEN 109 STREET-JAMES MOWATT TRAIL SW,7,Transition (CRC from Sep 2022)
2022,Midblock,36,GROAT BRIDGE,GROAT BRIDGE,7,Transition (CRC from Sep 2022)
2022,Midblock,36,WHITEMUD DRIVE NW BETWEEN 149-159 STREET NW,WHITEMUD DRIVE NW BETWEEN 149-159 STREET NW,7,Transition (CRC from Sep 2022)
2022,Midblock,36,WHITEMUD DRIVE NW WESTBOUND BETWEEN 111 STREET WB W/111 STREET NW OFF RAMP-122 STREET NW ON RAMP,WHITEMUD DRIVE NW WESTBOUND BETWEEN 111 STREET WB W/111 STREET NW OFF RAMP-122 STREET NW ON RAMP,7,Transition (CRC from Sep 2022)
2023,Intersection,1,107 AVENUE NW & 142 STREET NW,107 AVENUE NW & 142 STREET NW,169,CRC
2023,Intersection,2,167 AVENUE NW & 97 STREET NW,167 AVENUE NW & 97 STREET NW,74,CRC
2023,Intersection,3,YELLOWHEAD TRAIL NW & 97 STREET NW,97 STREET NW & YELLOWHEAD TRAIL NW,73,CRC
2023,Intersection,4,118 AVENUE NW & GROAT ROAD NW,118 AVENUE NW & GROAT ROAD NW,63,CRC
2023,Intersection,4,YELLOWHEAD TRAIL NW & 121 STREET NW,121 STREET NW & YELLOWHEAD TRAIL NW,63,CRC
2023,Intersection,6,ANTHONY HENDAY DRIVE SW EASTBOUND & RABBIT HILL ROAD SW,ANTHONY HENDAY DRIVE SW EASTBOUND & RABBIT HILL ROAD SW,58,CRC
2023,Intersection,7,34 AVENUE NW & CALGARY TRAIL NW,34 AVENUE NW & CALGARY TRAIL NW,57,CRC
2023,Intersection,8,23 AVENUE NW & 91 STREET NW,23 AVENUE NW & 91 STREET NW,56,CRC
2023,Intersection,9,34 AVENUE NW & GATEWAY BOULEVARD NW,34 AVENUE NW & GATEWAY BOULEVARD NW,49,CRC
2023,Intersection,10,118 AVENUE NW & 97 STREET NW,118 AVENUE NW & 97 STREET NW,48,CRC
2023,Intersection,11,34 AVENUE NW & 91 STREET NW,34 AVENUE NW & 91 STREET NW,47,CRC
2023,Intersection,12,137 AVENUE NW & 97 STREET NW,137 AVENUE NW & 97 STREET NW,45,CRC
2023,Intersection,13,137 AVENUE NW & 50 STREET NW,137 AVENUE NW & 50 STREET NW,44,CRC
2023,Intersection,13,23 AVENUE NW & 50 STREET NW,23 AVENUE NW & 50 STREET NW,44,CRC
2023,Intersection,13,WINDERMERE BOULEVARD SW & 170 STREET SW NORTHBOUND,170 STREET SW NORTHBOUND & WINDERMERE BOULEVARD SW,44,CRC
2023,Intersection,16,95 AVENUE NW & 170 STREET NW,170 STREET NW & 95 AVENUE NW,43,CRC
2023,Intersection,17,100 AVENUE NW & 178 STREET NW,100 AVENUE NW & 178 STREET NW,42,CRC
2023,Intersection,18,YELLOWHEAD TRAIL NW & 107 STREET NW,107 STREET NW & YELLOWHEAD TRAIL NW,41,CRC
2023,Intersection,18,YELLOWHEAD TRAIL NW & 127 STREET NW,127 STREET NW & YELLOWHEAD TRAIL NW,41,CRC
2023,Intersection,20,137 AVENUE NW & 82 STREET NW,137 AVENUE NW & 82 STREET NW,39,CRC
2023,Intersection,20,ELLERSLIE ROAD SW & CALGARY TRAIL SW,CALGARY TRAIL SW & ELLERSLIE ROAD SW,39,CRC
2023,Intersection,22,127 AVENUE NW & 97 STREET NW,127 AVENUE NW & 97 STREET NW,38,CRC
2023,Intersection,22,25 AVENUE SW & 91 STREET SW,25 AVENUE SW & 91 STREET SW,38,CRC
2023,Intersection,24,153 AVENUE NW & 127 STREET NW,127 STREET NW & 153 AVENUE NW,37,CRC
2023,Intersection,25,98 AVENUE NW & 75 STREET NW,75 STREET NW & 98 AVENUE NW,36,CRC
2023,Intersection,25,WHITEMUD DRIVE NW EASTBOUND & GATEWAY BOULEVARD NW,GATEWAY BOULEVARD NW & WHITEMUD DRIVE NW EASTBOUND,36,CRC
2023,Intersection,27,104 AVENUE NW & 109 STREET NW,104 AVENUE NW & 109 STREET NW,34,CRC
2023,Intersection,27,153 AVENUE NW & 97 STREET NW,153 AVENUE NW & 97 STREET NW,34,CRC
2023,Intersection,27,167 AVENUE NW & 82 STREET NW,167 AVENUE NW & 82 STREET NW,34,CRC
2023,Intersection,27,63 AVENUE NW & GATEWAY BOULEVARD NW,63 AVENUE NW & GATEWAY BOULEVARD NW,34,CRC
2023,Intersection,27,87 AVENUE NW & 178 STREET NW,178 STREET NW & 87 AVENUE NW,34,CRC
2023,Intersection,27,YELLOWHEAD TRAIL NW & FORT ROAD NW,FORT ROAD NW & YELLOWHEAD TRAIL NW,34,CRC
2023,Intersection,33,87 AVENUE NW & 170 STREET NW,170 STREET NW & 87 AVENUE NW,33,CRC
2023,Intersection,34,122 AVENUE NW & 97 STREET NW,122 AVENUE NW & 97 STREET NW,32,CRC
2023,Intersection,34,WHITEMUD DRIVE NW EASTBOUND & 178 STREET NW,178 STREET NW & WHITEMUD DRIVE NW EASTBOUND,32,CRC
2023,Intersection,36,111 AVENUE NW & GROAT ROAD NW,111 AVENUE NW & GROAT ROAD NW,31,CRC
2023,Intersection,36,137 AVENUE NW & 66 STREET NW,137 AVENUE NW & 66 STREET NW,31,CRC
2023,Intersection,36,98 AVENUE NW & 85 STREET NW,85 STREET NW & 98 AVENUE NW,31,CRC
2023,Intersection,39,153 AVENUE NW & 66 STREET NW,153 AVENUE NW & 66 STREET NW,30,CRC
2023,Intersection,39,63 AVENUE NW & 99 STREET NW,63 AVENUE NW & 99 STREET NW,30,CRC
2023,Intersection,39,YELLOWHEAD TRAIL NW & 82 STREET NW,82 STREET NW & YELLOWHEAD TRAIL NW,30,CRC
2023,Intersection,42,23 AVENUE NW & TERWILLEGAR DRIVE NORTHBOUND NW,23 AVENUE NW & TERWILLEGAR DRIVE NORTHBOUND NW,29,CRC
2023,Intersection,42,90 AVENUE NW & 75 STREET NW,75 STREET NW & 90 AVENUE NW,29,CRC
2023,Intersection,42,ELLERSLIE ROAD SW & 91 STREET SW,91 STREET SW & ELLERSLIE ROAD SW,29,CRC
2023,Intersection,42,YELLOWHEAD TRAIL NW EASTBOUND & 170 STREET NW,170 STREET NW & YELLOWHEAD TRAIL NW EASTBOUND,29,CRC
2023,Intersection,46,153 AVENUE NW & 82 STREET NW,153 AVENUE NW & 82 STREET NW,28,CRC
2023,Intersection,46,23 AVENUE NW & 111 STREET NW,111 STREET NW & 23 AVENUE NW,28,CRC
2023,Intersection,46,23 AVENUE NW & PARSONS ROAD NW,23 AVENUE NW & PARSONS ROAD NW,28,CRC
2023,Intersection,46,PRINCESS ELIZABETH AVENUE NW & 109W STREET NW,109W STREET NW & PRINCESS ELIZABETH AVENUE NW,28,CRC
2023,Intersection,50,107 AVENUE NW & 109 STREET NW,107 AVENUE NW & 109 STREET NW,27,CRC
2023,Intersection,50,127 AVENUE NW & 82 STREET NW,127 AVENUE NW & 82 STREET NW,27,CRC
2023,Intersection,50,137 AVENUE NW & 113A STREET NW,113A STREET NW & 137 AVENUE NW,27,CRC
2023,Intersection,50,137 AVENUE NW & 127 STREET NW,127 STREET NW & 137 AVENUE NW,27,CRC
2023,Intersection,50,167 AVENUE NW & 66 STREET NW,167 AVENUE NW & 66 STREET NW,27,CRC
2023,Intersection,50,97 AVENUE NW & ROSSDALE ROAD NW,97 AVENUE NW & ROSSDALE ROAD NW,27,CRC
2023,Midblock,1,ANTHONY HENDAY DRIVE NW NORTHBOUND BETWEEN TERWILLEGAR DRIVE NW OFF RAMP AND ANTHONY HENDAY BRIDGE SOUTH,ANTHONY HENDAY DRIVE NW NORTHBOUND BETWEEN TERWILLEGAR DRIVE NW OFF RAMP AND ANTHONY HENDAY BRIDGE SOUTH,52,CRC
2023,Midblock,2,CALGARY TRAIL NW BETWEEN 34-39A AVENUE NW,CALGARY TRAIL NW BETWEEN 34-39A AVENUE NW,25,CRC
2023,Midblock,3,GATEWAY BOULEVARD NW BETWEEN 34-39A AVENUE NW,GATEWAY BOULEVARD NW BETWEEN 34-39A AVENUE NW,24,CRC
2023,Midblock,4,ANTHONY HENDAY DRIVE NW EASTBOUND BETWEEN ANTHONY HENDAY BRIDGE SOUTH AND 184 STREET NW OFF RAMP,ANTHONY HENDAY DRIVE NW EASTBOUND BETWEEN ANTHONY HENDAY BRIDGE SOUTH AND 184 STREET NW OFF RAMP,23,CRC
2023,Midblock,5,WHITEMUD DRIVE NW WESTBOUND BETWEEN 111 STREET WB W/111 STREET NW OFF RAMP-122 STREET NW ON RAMP,WHITEMUD DRIVE NW WESTBOUND BETWEEN 111 STREET WB W/111 STREET NW OFF RAMP-122 STREET NW ON RAMP,21,CRC
2023,Midblock,6,ANTHONY HENDAY DRIVE NW EASTBOUND BETWEEN OFF RAMP FROM 111 STREET NW-ON RAMP TO CALGARY TRAIL NW,ANTHONY HENDAY DRIVE NW EASTBOUND BETWEEN OFF RAMP FROM 111 STREET NW-ON RAMP TO CALGARY TRAIL NW,20,CRC
2023,Midblock,6,YELLOWHEAD TRAIL NW BETWEEN 121-124 STREET NW,YELLOWHEAD TRAIL NW BETWEEN 121-124 STREET NW,20,CRC
2023,Midblock,8,137 AVENUE NW BETWEEN 93-97 STREET NW,137 AVENUE NW BETWEEN 93-97 STREET NW,18,CRC
2023,Midblock,8,HIGH LEVEL BRIDGE,HIGH LEVEL BRIDGE,18,CRC
2023,Midblock,10,PARSONS ROAD SW BETWEEN ELLERSLIE ROAD-ELLWOOD DRIVE SW,PARSONS ROAD SW BETWEEN ELLERSLIE ROAD-ELLWOOD DRIVE SW,17,CRC
2023,Midblock,10,WHITEMUD DRIVE NW BETWEEN 149-159 STREET NW,WHITEMUD DRIVE NW BETWEEN 149-159 STREET NW,17,CRC
2023,Midblock,10,WHITEMUD DRIVE NW BETWEEN QUESNELL BRIDGE AND 149 STREET ON/OFF RAMPS,WHITEMUD DRIVE NW BETWEEN QUESNELL BRIDGE AND 149 STREET ON/OFF RAMPS,17,CRC
2023,Midblock,10,WHITEMUD DRIVE NW WESTBOUND BETWEEN 122 STREET NW OFF RAMP & RAINBOW VALLEY BRIDGE,WHITEMUD DRIVE NW WESTBOUND BETWEEN 122 STREET NW OFF RAMP & RAINBOW VALLEY BRIDGE,17,CRC
2023,Midblock,14,YELLOWHEAD TRAIL NW BETWEEN 107-121 STREET NW,YELLOWHEAD TRAIL NW BETWEEN 107-121 STREET NW,16,CRC
2023,Midblock,15,17 STREET NW BETWEEN 23-28 AVENUE NW,17 STREET NW BETWEEN 23-28 AVENUE NW,15,CRC
2023,Midblock,15,97 STREET NW BETWEEN 125A-127 AVENUE NW,97 STREET NW BETWEEN 125A-127 AVENUE NW,15,CRC
2023,Midblock,15,GROAT ROAD NW BETWEEN 102 AVENUE NW-STONY PLAIN ROAD NW OVERPASSES,GROAT ROAD NW BETWEEN 102 AVENUE NW-STONY PLAIN ROAD NW OVERPASSES,15,CRC
2023,Midblock,15,YELLOWHEAD TRAIL NW BETWEEN 124-127 STREET NW,YELLOWHEAD TRAIL NW BETWEEN 124-127 STREET NW,15,CRC
2023,Midblock,19,99 STREET NW BETWEEN PARSONS ROAD-19 AVENUE NW,99 STREET NW BETWEEN PARSONS ROAD-19 AVENUE NW,14,CRC
2023,Midblock,19,ANTHONY HENDAY DRIVE NW SOUTHBOUND BETWEEN ANTHONY HENDAY BRIDGE SOUTH AND ON RAMP TO TERWILLEGAR DRIVE NW,ANTHONY HENDAY DRIVE NW SOUTHBOUND BETWEEN ANTHONY HENDAY BRIDGE SOUTH AND ON RAMP TO TERWILLEGAR DRIVE NW,14,CRC
2023,Midblock,19,ANTHONY HENDAY DRIVE NW SOUTHBOUND BETWEEN ON RAMP TO STONY PLAIN ROAD NW WESTBOUND AND 10 AVENUE NW,ANTHONY HENDAY DRIVE NW SOUTHBOUND BETWEEN ON RAMP TO STONY PLAIN ROAD NW WESTBOUND AND 10 AVENUE NW,14,CRC
2023,Midblock,19,CALGARY TRAIL NW BETWEEN 48-51 AVENUE NW,CALGARY TRAIL NW BETWEEN 48-51 AVENUE NW,14,CRC
2023,Midblock,19,FOX DRIVE NW BETWEEN BELGRAVIA ROAD-KEILLOR ROAD NW,FOX DRIVE NW BETWEEN BELGRAVIA ROAD-KEILLOR ROAD NW,14,CRC
2023,Midblock,19,GATEWAY BOULEVARD NW BETWEEN 31-34 AVENUE NW,GATEWAY BOULEVARD NW BETWEEN 31-34 AVENUE NW,14,CRC
2023,Midblock,19,GROAT ROAD NW BETWEEN STONY PLAIN ROAD NW OVERPASS AND 107 AVENUE NW,GROAT ROAD NW BETWEEN STONY PLAIN ROAD NW OVERPASS AND 107 AVENUE NW,14,CRC
2023,Midblock,26,109 STREET NW BETWEEN 97-99 AVENUE NW,109 STREET NW BETWEEN 97-99 AVENUE NW,13,CRC
2023,Midblock,26,17 STREET NW BETWEEN SILVERBERRY ROAD NW-34 AVENUE NW,17 STREET NW BETWEEN SILVERBERRY ROAD NW-34 AVENUE NW,13,CRC
2023,Midblock,26,82 STREET NW BETWEEN YELLOWHEAD TRAIL NW-127 AVENUE NW,82 STREET NW BETWEEN YELLOWHEAD TRAIL NW-127 AVENUE NW,13,CRC
2023,Midblock,26,ANTHONY HENDAY BRIDGE SOUTH,ANTHONY HENDAY BRIDGE SOUTH,13,CRC
2023,Midblock,26,ANTHONY HENDAY DRIVE NW NORTHBOUND BETWEEN OFF RAMP FROM 87 AVENUE NW AND ON RAMP TO 100 AVENUE NW EASTBOUND,ANTHONY HENDAY DRIVE NW NORTHBOUND BETWEEN OFF RAMP FROM 87 AVENUE NW AND ON RAMP TO 100 AVENUE NW EASTBOUND,13,CRC
2023,Midblock,26,ANTHONY HENDAY DRIVE NW NORTHBOUND BETWEEN TERWILLEGAR DRIVE NW ON AND OFF-RAMPS,ANTHONY HENDAY DRIVE NW NORTHBOUND BETWEEN TERWILLEGAR DRIVE NW ON AND OFF-RAMPS,13,CRC
2023,Midblock,26,ANTHONY HENDAY DRIVE NW SOUTHBOUND BETWEEN 109 AVENUE NW & OFF RAMP FROM YELLOWHEAD TRAIL NW TO ANTHONY HENDAY DRIVE NW SOUTHBOUND,ANTHONY HENDAY DRIVE NW SOUTHBOUND BETWEEN 109 AVENUE NW & OFF RAMP FROM YELLOWHEAD TRAIL NW TO ANTHONY HENDAY DRIVE NW SOUTHBOUND,13,CRC
2023,Midblock,26,ANTHONY HENDAY DRIVE NW WESTBOUND WEST OF OLD 119 STREET NW ACCESS,ANTHONY HENDAY DRIVE NW WESTBOUND WEST OF OLD 119 STREET NW ACCESS,13,CRC
2023,Midblock,26,PRINCESS ELIZABETH AVENUE NW BETWEEN 106-109 STREET (EAST INTERSECTION) NW,PRINCESS ELIZABETH AVENUE NW BETWEEN 106-109 STREET (EAST INTERSECTION) NW,13,CRC
2023,Midblock,26,QUESNELL BRIDGE,QUESNELL BRIDGE,13,CRC
2023,Midblock,36,GATEWAY BOULEVARD NW BETWEEN OFF RAMP FROM ANTHONY HENDAY DRIVE NW WESTBOUND-19 AVENUE NW,GATEWAY BOULEVARD NW BETWEEN OFF RAMP FROM ANTHONY HENDAY DRIVE NW WESTBOUND-19 AVENUE NW,12,CRC
2023,Midblock,36,RABBIT HILL ROAD NW BETWEEN WINDERMERE BOULEVARD SW-ANTHONY HENDAY DRIVE NW WESTBOUND,RABBIT HILL ROAD NW BETWEEN WINDERMERE BOULEVARD SW-ANTHONY HENDAY DRIVE NW WESTBOUND,12,CRC
2023,Midblock,36,STONY PLAIN ROAD NW BETWEEN 184-186 STREET NW,STONY PLAIN ROAD NW BETWEEN 184-186 STREET NW,12,CRC
2023,Midblock,36,STONY PLAIN ROAD NW BETWEEN 186 STREET & OFF RAMP TO ANTHONY HENDAY DRIVE NW NORTHBOUND,STONY PLAIN ROAD NW BETWEEN 186 STREET & OFF RAMP TO ANTHONY HENDAY DRIVE NW NORTHBOUND,12,CRC
2023,Midblock,36,STONY PLAIN ROAD NW BETWEEN MAYFIELD ROAD NW-175 STREET NW,STONY PLAIN ROAD NW BETWEEN MAYFIELD ROAD NW-175 STREET NW,12,CRC
2023,Midblock,36,WHITEMUD DRIVE NW BETWEEN 178 STREET NW OFF RAMP AND ON RAMP TO ANTHONY HENDAY DRIVE NW NORTHBOUND,WHITEMUD DRIVE NW BETWEEN 178 STREET NW OFF RAMP AND ON RAMP TO ANTHONY HENDAY DRIVE NW NORTHBOUND,12,CRC
2023,Midblock,42,111 AVENUE NW BETWEEN 135-142 STREET NW,111 AVENUE NW BETWEEN 135-142 STREET NW,11,CRC
2023,Midblock,42,153 AVENUE NW BETWEEN CASTLE DOWNS ROAD NW-121 STREET NW,153 AVENUE NW BETWEEN CASTLE DOWNS ROAD NW-121 STREET NW,11,CRC
2023,Midblock,42,178 STREET NW BETWEEN 98A-100 AVENUE NW,178 STREET NW BETWEEN 98A-100 AVENUE NW,11,CRC
2023,Midblock,42,23 AVENUE NW BETWEEN 119 STREET NW-MAGRATH ROAD/HODGSON WAY NW,23 AVENUE NW BETWEEN 119 STREET NW-MAGRATH ROAD/HODGSON WAY NW,11,CRC
2023,Midblock,42,90 AVENUE NW BETWEEN 170-175 STREET NW,90 AVENUE NW BETWEEN 170-175 STREET NW,11,CRC
2023,Midblock,42,ANTHONY HENDAY DRIVE NW EASTBOUND BETWEEN OFF RAMP FROM MARK MESSIER TRAIL NW AND ON RAMP TO CAMPBELL ROAD NW,ANTHONY HENDAY DRIVE NW EASTBOUND BETWEEN OFF RAMP FROM MARK MESSIER TRAIL NW AND ON RAMP TO CAMPBELL ROAD NW,11,CRC
2023,Midblock,42,ELLERSLIE ROAD SW BETWEEN 141 STREET SW-RABBIT HILL ROAD SW,ELLERSLIE ROAD SW BETWEEN 141 STREET SW-RABBIT HILL ROAD SW,11,CRC
2023,Midblock,42,WHITEMUD DRIVE NW EASTBOUND BETWEEN 17 STREET NW OFF RAMP AND CITY BOUNDARY,WHITEMUD DRIVE NW EASTBOUND BETWEEN 17 STREET NW OFF RAMP AND CITY BOUNDARY,11,CRC
2023,Midblock,42,WHITEMUD DRIVE NW SOUTHBOUND BETWEEN ON RAMPS OF 53 AVENUE NW & TERWILLEGAR DRIVE NW,WHITEMUD DRIVE NW SOUTHBOUND BETWEEN ON RAMPS OF 53 AVENUE NW & TERWILLEGAR DRIVE NW,11,CRC
2023,Midblock,42,WHITEMUD DRIVE NW WESTBOUND BETWEEN OFF RAMP FROM 75 STREET NW AND ON RAMP TO 91 STREET NW,WHITEMUD DRIVE NW WESTBOUND BETWEEN OFF RAMP FROM 75 STREET NW AND ON RAMP TO 91 STREET NW,11,CRC
