year,reporting_period,population,total_collisions,collisions_per_100k,fatal_collisions,serious_injury_collisions,fatal_serious_collisions,fatal_serious_collisions_per_100k,total_fatalities,total_serious_injuries,ksi_persons,ksi_per_100k,fatalities_per_100k,pedestrian_collisions,bicycle_collisions,motorcycle_collisions,prior_year_collisions,collisions_yoy_pct,fatal_serious_yoy_pct
2010,Pre-CRC (police reports),793000,28480,3591.4,24,423,447,56.37,27,491,518,65.32,3.4,306,182,211,,,
2011,Pre-CRC (police reports),812201,23442,2886.2,22,389,411,50.6,22,445,467,57.5,2.71,316,190,199,28480,-17.7,-8.1
2012,Pre-CRC (police reports),817498,23243,2843.2,26,426,452,55.29,27,517,544,66.54,3.3,296,177,157,23442,-0.8,10.0
2013,Pre-CRC (police reports),847712,24805,2926.1,23,375,398,46.95,23,437,460,54.26,2.71,298,177,172,23243,6.7,-11.9
2014,Pre-CRC (police reports),877926,24627,2805.1,22,345,367,41.8,23,385,408,46.47,2.62,319,177,163,24805,-0.7,-7.8
2015,Pre-CRC (police reports),895000,25516,2850.9,30,329,359,40.11,32,383,415,46.37,3.58,316,178,208,24627,3.6,-2.2
2016,Pre-CRC (police reports),932546,23139,2481.3,21,281,302,32.38,22,325,347,37.21,2.36,292,171,191,25516,-9.3,-15.9
2017,Pre-CRC (police reports),934000,23905,2559.4,26,297,323,34.58,27,341,368,39.4,2.89,270,143,154,23139,3.3,7.0
2018,Pre-CRC (police reports),973100,24003,2466.7,19,287,306,31.45,19,319,338,34.73,1.95,250,130,143,23905,0.4,-5.3
2019,Pre-CRC (police reports),993100,21943,2209.5,14,244,258,25.98,14,268,282,28.4,1.41,221,130,104,24003,-8.6,-15.7
2020,Pre-CRC (police reports),1047526,15804,1508.7,9,192,201,19.19,12,231,243,23.2,1.15,125,115,119,21943,-28.0,-22.1
2021,Pre-CRC (police reports),1057796,17363,1641.4,15,230,245,23.16,16,259,275,26.0,1.51,165,158,121,15804,9.9,21.9
2022,Transition (CRC from Sep 2022),1087803,20162,1853.5,13,301,314,28.87,14,337,351,32.27,1.29,213,157,142,17363,16.1,28.2
2023,CRC,1128811,20039,1775.2,21,304,325,28.79,24,345,369,32.69,2.13,260,181,150,20162,-0.6,3.5
