hour_of_day,hour_label,hour_group,collisions,fatal_serious_collisions,fatal_collisions,is_midnight_bucket,pct_of_collisions,fatal_serious_per_1000
0,00:00–01:00,Evening,861,28,1,False,0.9,32.5
1,01:00–02:00,Evening,627,32,6,False,0.66,51.0
2,02:00–03:00,Evening,560,31,10,False,0.59,55.4
3,03:00–04:00,Evening,543,20,1,False,0.57,36.8
4,04:00–05:00,Evening,541,16,2,False,0.57,29.6
5,05:00–06:00,Evening,960,17,1,False,1.01,17.7
6,06:00–07:00,AM Peak,2310,35,3,False,2.42,15.2
7,07:00–08:00,AM Peak,5386,47,3,False,5.65,8.7
8,08:00–09:00,AM Peak,5979,46,1,False,6.27,7.7
9,09:00–10:00,AM Non-Peak,4072,47,0,False,4.27,11.5
10,10:00–11:00,AM Non-Peak,4444,48,4,False,4.66,10.8
11,11:00–12:00,AM Non-Peak,5718,56,2,False,6.0,9.8
12,12:00–13:00,PM Non-Peak,6072,69,2,False,6.37,11.4
13,13:00–14:00,PM Non-Peak,5998,67,4,False,6.29,11.2
14,14:00–15:00,PM Non-Peak,6990,83,6,False,7.33,11.9
15,15:00–16:00,PM Peak,8778,101,6,False,9.21,11.5
16,16:00–17:00,PM Peak,9621,105,4,False,10.09,10.9
17,17:00–18:00,PM Peak,8281,106,1,False,8.69,12.8
18,18:00–19:00,Evening,5063,98,3,False,5.31,19.4
19,19:00–20:00,Evening,3385,65,3,False,3.55,19.2
20,20:00–21:00,Evening,2608,62,3,False,2.74,23.8
21,21:00–22:00,Evening,2131,54,3,False,2.24,25.3
22,22:00–23:00,Evening,1605,44,3,False,1.68,27.4
23,23:00–24:00,Evening,2777,66,0,True,2.91,23.8
