year,reporting_period,day_of_week_num,day_of_week,hour_of_day,hour_label,is_midnight_bucket,collisions,fatal_serious_collisions
2019,Pre-CRC (police reports),1,MONDAY,0,00:00–01:00,False,25,1
2019,Pre-CRC (police reports),1,MONDAY,1,01:00–02:00,False,13,0
2019,Pre-CRC (police reports),1,MONDAY,2,02:00–03:00,False,5,1
2019,Pre-CRC (police reports),1,MONDAY,3,03:00–04:00,False,7,0
2019,Pre-CRC (police reports),1,MONDAY,4,04:00–05:00,False,6,0
2019,Pre-CRC (police reports),1,MONDAY,5,05:00–06:00,False,21,0
2019,Pre-CRC (police reports),1,MONDAY,6,06:00–07:00,False,81,1
2019,Pre-CRC (police reports),1,MONDAY,7,07:00–08:00,False,218,4
2019,Pre-CRC (police reports),1,MONDAY,8,08:00–09:00,False,205,1
2019,Pre-CRC (police reports),1,MONDAY,9,09:00–10:00,False,156,2
2019,Pre-CRC (police reports),1,MONDAY,10,10:00–11:00,False,142,2
2019,Pre-CRC (police reports),1,MONDAY,11,11:00–12:00,False,179,1
2019,Pre-CRC (police reports),1,MONDAY,12,12:00–13:00,False,188,2
2019,Pre-CRC (police reports),1,MONDAY,13,13:00–14:00,False,171,0
2019,Pre-CRC (police reports),1,MONDAY,14,14:00–15:00,False,199,1
2019,Pre-CRC (police reports),1,MONDAY,15,15:00–16:00,False,274,1
2019,Pre-CRC (police reports),1,MONDAY,16,16:00–17:00,False,314,3
2019,Pre-CRC (police reports),1,MONDAY,17,17:00–18:00,False,269,3
2019,Pre-CRC (police reports),1,MONDAY,18,18:00–19:00,False,148,2
2019,Pre-CRC (police reports),1,MONDAY,19,19:00–20:00,False,102,1
2019,Pre-CRC (police reports),1,MONDAY,20,20:00–21:00,False,65,0
2019,Pre-CRC (police reports),1,MONDAY,21,21:00–22:00,False,44,0
2019,Pre-CRC (police reports),1,MONDAY,22,22:00–23:00,False,45,2
2019,Pre-CRC (police reports),1,MONDAY,23,23:00–24:00,True,64,1
2019,Pre-CRC (police reports),2,TUESDAY,0,00:00–01:00,False,17,0
2019,Pre-CRC (police reports),2,TUESDAY,1,01:00–02:00,False,13,1
2019,Pre-CRC (police reports),2,TUESDAY,2,02:00–03:00,False,9,0
2019,Pre-CRC (police reports),2,TUESDAY,3,03:00–04:00,False,11,0
2019,Pre-CRC (police reports),2,TUESDAY,4,04:00–05:00,False,8,0
2019,Pre-CRC (police reports),2,TUESDAY,5,05:00–06:00,False,25,2
2019,Pre-CRC (police reports),2,TUESDAY,6,06:00–07:00,False,114,2
2019,Pre-CRC (police reports),2,TUESDAY,7,07:00–08:00,False,277,2
2019,Pre-CRC (police reports),2,TUESDAY,8,08:00–09:00,False,260,2
2019,Pre-CRC (police reports),2,TUESDAY,9,09:00–10:00,False,170,2
2019,Pre-CRC (police reports),2,TUESDAY,10,10:00–11:00,False,143,2
2019,Pre-CRC (police reports),2,TUESDAY,11,11:00–12:00,False,168,0
2019,Pre-CRC (police reports),2,TUESDAY,12,12:00–13:00,False,181,1
2019,Pre-CRC (police reports),2,TUESDAY,13,13:00–14:00,False,189,5
2019,Pre-CRC (police reports),2,TUESDAY,14,14:00–15:00,False,210,2
2019,Pre-CRC (police reports),2,TUESDAY,15,15:00–16:00,False,299,4
2019,Pre-CRC (police reports),2,TUESDAY,16,16:00–17:00,False,396,2
2019,Pre-CRC (police reports),2,TUESDAY,17,17:00–18:00,False,325,3
2019,Pre-CRC (police reports),2,TUESDAY,18,18:00–19:00,False,191,5
2019,Pre-CRC (police reports),2,TUESDAY,19,19:00–20:00,False,104,2
2019,Pre-CRC (police reports),2,TUESDAY,20,20:00–21:00,False,75,0
2019,Pre-CRC (police reports),2,TUESDAY,21,21:00–22:00,False,69,1
2019,Pre-CRC (police reports),2,TUESDAY,22,22:00–23:00,False,43,0
2019,Pre-CRC (police reports),2,TUESDAY,23,23:00–24:00,True,75,0
2019,Pre-CRC (police reports),3,WEDNESDAY,0,00:00–01:00,False,21,0
2019,Pre-CRC (police reports),3,WEDNESDAY,1,01:00–02:00,False,12,0
2019,Pre-CRC (police reports),3,WEDNESDAY,2,02:00–03:00,False,8,1
2019,Pre-CRC (police reports),3,WEDNESDAY,3,03:00–04:00,False,5,0
2019,Pre-CRC (police reports),3,WEDNESDAY,4,04:00–05:00,False,4,0
2019,Pre-CRC (police reports),3,WEDNESDAY,5,05:00–06:00,False,32,0
2019,Pre-CRC (police reports),3,WEDNESDAY,6,06:00–07:00,False,108,2
2019,Pre-CRC (police reports),3,WEDNESDAY,7,07:00–08:00,False,306,2
2019,Pre-CRC (police reports),3,WEDNESDAY,8,08:00–09:00,False,351,2
2019,Pre-CRC (police reports),3,WEDNESDAY,9,09:00–10:00,False,146,2
2019,Pre-CRC (police reports),3,WEDNESDAY,10,10:00–11:00,False,144,2
2019,Pre-CRC (police reports),3,WEDNESDAY,11,11:00–12:00,False,177,1
2019,Pre-CRC (police reports),3,WEDNESDAY,12,12:00–13:00,False,212,2
2019,Pre-CRC (police reports),3,WEDNESDAY,13,13:00–14:00,False,191,1
2019,Pre-CRC (police reports),3,WEDNESDAY,14,14:00–15:00,False,188,2
2019,Pre-CRC (police reports),3,WEDNESDAY,15,15:00–16:00,False,278,0
2019,Pre-CRC (police reports),3,WEDNESDAY,16,16:00–17:00,False,390,3
2019,Pre-CRC (police reports),3,WEDNESDAY,17,17:00–18:00,False,314,4
2019,Pre-CRC (police reports),3,WEDNESDAY,18,18:00–19:00,False,172,2
2019,Pre-CRC (police reports),3,WEDNESDAY,19,19:00–20:00,False,98,1
2019,Pre-CRC (police reports),3,WEDNESDAY,20,20:00–21:00,False,81,3
2019,Pre-CRC (police reports),3,WEDNESDAY,21,21:00–22:00,False,54,0
2019,Pre-CRC (police reports),3,WEDNESDAY,22,22:00–23:00,False,55,1
2019,Pre-CRC (police reports),3,WEDNESDAY,23,23:00–24:00,True,86,1
2019,Pre-CRC (police reports),4,THURSDAY,0,00:00–01:00,False,31,0
2019,Pre-CRC (police reports),4,THURSDAY,1,01:00–02:00,False,10,0
2019,Pre-CRC (police reports),4,THURSDAY,2,02:00–03:00,False,12,3
2019,Pre-CRC (police reports),4,THURSDAY,3,03:00–04:00,False,13,0
2019,Pre-CRC (police reports),4,THURSDAY,4,04:00–05:00,False,11,0
2019,Pre-CRC (police reports),4,THURSDAY,5,05:00–06:00,False,24,0
2019,Pre-CRC (police reports),4,THURSDAY,6,06:00–07:00,False,98,0
2019,Pre-CRC (police reports),4,THURSDAY,7,07:00–08:00,False,279,1
2019,Pre-CRC (police reports),4,THURSDAY,8,08:00–09:00,False,284,1
2019,Pre-CRC (police reports),4,THURSDAY,9,09:00–10:00,False,125,2
2019,Pre-CRC (police reports),4,THURSDAY,10,10:00–11:00,False,128,3
2019,Pre-CRC (police reports),4,THURSDAY,11,11:00–12:00,False,177,1
2019,Pre-CRC (police reports),4,THURSDAY,12,12:00–13:00,False,171,1
2019,Pre-CRC (police reports),4,THURSDAY,13,13:00–14:00,False,152,2
2019,Pre-CRC (police reports),4,THURSDAY,14,14:00–15:00,False,216,4
2019,Pre-CRC (police reports),4,THURSDAY,15,15:00–16:00,False,271,7
2019,Pre-CRC (police reports),4,THURSDAY,16,16:00–17:00,False,384,3
2019,Pre-CRC (police reports),4,THURSDAY,17,17:00–18:00,False,352,5
2019,Pre-CRC (police reports),4,THURSDAY,18,18:00–19:00,False,194,3
2019,Pre-CRC (police reports),4,THURSDAY,19,19:00–20:00,False,109,4
2019,Pre-CRC (police reports),4,THURSDAY,20,20:00–21:00,False,87,2
2019,Pre-CRC (police reports),4,THURSDAY,21,21:00–22:00,False,73,0
2019,Pre-CRC (police reports),4,THURSDAY,22,22:00–23:00,False,47,2
2019,Pre-CRC (police reports),4,THURSDAY,23,23:00–24:00,True,91,2
2019,Pre-CRC (police reports),5,FRIDAY,0,00:00–01:00,False,32,0
2019,Pre-CRC (police reports),5,FRIDAY,1,01:00–02:00,False,14,1
2019,Pre-CRC (police reports),5,FRIDAY,2,02:00–03:00,False,12,1
2019,Pre-CRC (police reports),5,FRIDAY,3,03:00–04:00,False,8,0
2019,Pre-CRC (police reports),5,FRIDAY,4,04:00–05:00,False,13,0
2019,Pre-CRC (police reports),5,FRIDAY,5,05:00–06:00,False,35,1
2019,Pre-CRC (police reports),5,FRIDAY,6,06:00–07:00,False,83,1
2019,Pre-CRC (police reports),5,FRIDAY,7,07:00–08:00,False,235,1
2019,Pre-CRC (police reports),5,FRIDAY,8,08:00–09:00,False,251,1
2019,Pre-CRC (police reports),5,FRIDAY,9,09:00–10:00,False,169,1
2019,Pre-CRC (police reports),5,FRIDAY,10,10:00–11:00,False,176,1
2019,Pre-CRC (police reports),5,FRIDAY,11,11:00–12:00,False,244,3
2019,Pre-CRC (police reports),5,FRIDAY,12,12:00–13:00,False,255,1
2019,Pre-CRC (police reports),5,FRIDAY,13,13:00–14:00,False,252,0
2019,Pre-CRC (police reports),5,FRIDAY,14,14:00–15:00,False,275,3
2019,Pre-CRC (police reports),5,FRIDAY,15,15:00–16:00,False,427,5
2019,Pre-CRC (police reports),5,FRIDAY,16,16:00–17:00,False,469,4
2019,Pre-CRC (police reports),5,FRIDAY,17,17:00–18:00,False,369,3
2019,Pre-CRC (police reports),5,FRIDAY,18,18:00–19:00,False,183,4
2019,Pre-CRC (police reports),5,FRIDAY,19,19:00–20:00,False,122,3
2019,Pre-CRC (police reports),5,FRIDAY,20,20:00–21:00,False,112,2
2019,Pre-CRC (police reports),5,FRIDAY,21,21:00–22:00,False,102,4
2019,Pre-CRC (police reports),5,FRIDAY,22,22:00–23:00,False,90,1
2019,Pre-CRC (police reports),5,FRIDAY,23,23:00–24:00,True,143,2
2019,Pre-CRC (police reports),6,SATURDAY,0,00:00–01:00,False,47,3
2019,Pre-CRC (police reports),6,SATURDAY,1,01:00–02:00,False,38,2
2019,Pre-CRC (police reports),6,SATURDAY,2,02:00–03:00,False,17,1
2019,Pre-CRC (police reports),6,SATURDAY,3,03:00–04:00,False,16,2
2019,Pre-CRC (police reports),6,SATURDAY,4,04:00–05:00,False,13,1
2019,Pre-CRC (police reports),6,SATURDAY,5,05:00–06:00,False,20,0
2019,Pre-CRC (police reports),6,SATURDAY,6,06:00–07:00,False,31,1
2019,Pre-CRC (police reports),6,SATURDAY,7,07:00–08:00,False,44,1
2019,Pre-CRC (police reports),6,SATURDAY,8,08:00–09:00,False,91,1
2019,Pre-CRC (police reports),6,SATURDAY,9,09:00–10:00,False,141,2
2019,Pre-CRC (police reports),6,SATURDAY,10,10:00–11:00,False,173,1
2019,Pre-CRC (police reports),6,SATURDAY,11,11:00–12:00,False,189,3
2019,Pre-CRC (police reports),6,SATURDAY,12,12:00–13:00,False,229,2
2019,Pre-CRC (police reports),6,SATURDAY,13,13:00–14:00,False,250,2
2019,Pre-CRC (police reports),6,SATURDAY,14,14:00–15:00,False,236,2
2019,Pre-CRC (police reports),6,SATURDAY,15,15:00–16:00,False,223,1
2019,Pre-CRC (police reports),6,SATURDAY,16,16:00–17:00,False,206,2
2019,Pre-CRC (police reports),6,SATURDAY,17,17:00–18:00,False,208,5
2019,Pre-CRC (police reports),6,SATURDAY,18,18:00–19:00,False,140,1
2019,Pre-CRC (police reports),6,SATURDAY,19,19:00–20:00,False,113,1
2019,Pre-CRC (police reports),6,SATURDAY,20,20:00–21:00,False,86,2
2019,Pre-CRC (police reports),6,SATURDAY,21,21:00–22:00,False,83,0
2019,Pre-CRC (police reports),6,SATURDAY,22,22:00–23:00,False,74,1
2019,Pre-CRC (police reports),6,SATURDAY,23,23:00–24:00,True,95,1
2019,Pre-CRC (police reports),7,SUNDAY,0,00:00–01:00,False,40,1
2019,Pre-CRC (police reports),7,SUNDAY,1,01:00–02:00,False,32,1
2019,Pre-CRC (police reports),7,SUNDAY,2,02:00–03:00,False,28,1
2019,Pre-CRC (police reports),7,SUNDAY,3,03:00–04:00,False,25,1
2019,Pre-CRC (police reports),7,SUNDAY,4,04:00–05:00,False,12,1
2019,Pre-CRC (police reports),7,SUNDAY,5,05:00–06:00,False,17,0
2019,Pre-CRC (police reports),7,SUNDAY,6,06:00–07:00,False,25,0
2019,Pre-CRC (police reports),7,SUNDAY,7,07:00–08:00,False,34,0
2019,Pre-CRC (police reports),7,SUNDAY,8,08:00–09:00,False,44,0
2019,Pre-CRC (police reports),7,SUNDAY,9,09:00–10:00,False,83,1
2019,Pre-CRC (police reports),7,SUNDAY,10,10:00–11:00,False,128,1
2019,Pre-CRC (police reports),7,SUNDAY,11,11:00–12:00,False,140,1
2019,Pre-CRC (police reports),7,SUNDAY,12,12:00–13:00,False,167,0
2019,Pre-CRC (police reports),7,SUNDAY,13,13:00–14:00,False,183,2
2019,Pre-CRC (police reports),7,SUNDAY,14,14:00–15:00,False,165,2
2019,Pre-CRC (police reports),7,SUNDAY,15,15:00–16:00,False,202,3
2019,Pre-CRC (police reports),7,SUNDAY,16,16:00–17:00,False,142,4
2019,Pre-CRC (police reports),7,SUNDAY,17,17:00–18:00,False,133,3
2019,Pre-CRC (police reports),7,SUNDAY,18,18:00–19:00,False,107,4
2019,Pre-CRC (police reports),7,SUNDAY,19,19:00–20:00,False,80,4
2019,Pre-CRC (police reports),7,SUNDAY,20,20:00–21:00,False,67,1
2019,Pre-CRC (police reports),7,SUNDAY,21,21:00–22:00,False,56,0
2019,Pre-CRC (police reports),7,SUNDAY,22,22:00–23:00,False,43,0
2019,Pre-CRC (police reports),7,SUNDAY,23,23:00–24:00,True,71,1
2020,Pre-CRC (police reports),1,MONDAY,0,00:00–01:00,False,15,0
2020,Pre-CRC (police reports),1,MONDAY,1,01:00–02:00,False,16,2
2020,Pre-CRC (police reports),1,MONDAY,2,02:00–03:00,False,8,1
2020,Pre-CRC (police reports),1,MONDAY,3,03:00–04:00,False,8,0
2020,Pre-CRC (police reports),1,MONDAY,4,04:00–05:00,False,6,1
2020,Pre-CRC (police reports),1,MONDAY,5,05:00–06:00,False,17,0
2020,Pre-CRC (police reports),1,MONDAY,6,06:00–07:00,False,54,1
2020,Pre-CRC (police reports),1,MONDAY,7,07:00–08:00,False,112,2
2020,Pre-CRC (police reports),1,MONDAY,8,08:00–09:00,False,127,2
2020,Pre-CRC (police reports),1,MONDAY,9,09:00–10:00,False,90,2
2020,Pre-CRC (police reports),1,MONDAY,10,10:00–11:00,False,98,1
2020,Pre-CRC (police reports),1,MONDAY,11,11:00–12:00,False,153,2
2020,Pre-CRC (police reports),1,MONDAY,12,12:00–13:00,False,123,1
2020,Pre-CRC (police reports),1,MONDAY,13,13:00–14:00,False,117,1
2020,Pre-CRC (police reports),1,MONDAY,14,14:00–15:00,False,165,4
2020,Pre-CRC (police reports),1,MONDAY,15,15:00–16:00,False,229,3
2020,Pre-CRC (police reports),1,MONDAY,16,16:00–17:00,False,273,3
2020,Pre-CRC (police reports),1,MONDAY,17,17:00–18:00,False,214,2
2020,Pre-CRC (police reports),1,MONDAY,18,18:00–19:00,False,109,2
2020,Pre-CRC (police reports),1,MONDAY,19,19:00–20:00,False,83,1
2020,Pre-CRC (police reports),1,MONDAY,20,20:00–21:00,False,70,4
2020,Pre-CRC (police reports),1,MONDAY,21,21:00–22:00,False,45,1
2020,Pre-CRC (police reports),1,MONDAY,22,22:00–23:00,False,24,0
2020,Pre-CRC (police reports),1,MONDAY,23,23:00–24:00,True,84,1
2020,Pre-CRC (police reports),2,TUESDAY,0,00:00–01:00,False,23,0
2020,Pre-CRC (police reports),2,TUESDAY,1,01:00–02:00,False,13,1
2020,Pre-CRC (police reports),2,TUESDAY,2,02:00–03:00,False,7,0
2020,Pre-CRC (police reports),2,TUESDAY,3,03:00–04:00,False,6,0
2020,Pre-CRC (police reports),2,TUESDAY,4,04:00–05:00,False,10,0
2020,Pre-CRC (police reports),2,TUESDAY,5,05:00–06:00,False,31,1
2020,Pre-CRC (police reports),2,TUESDAY,6,06:00–07:00,False,76,0
2020,Pre-CRC (police reports),2,TUESDAY,7,07:00–08:00,False,178,1
2020,Pre-CRC (police reports),2,TUESDAY,8,08:00–09:00,False,163,1
2020,Pre-CRC (police reports),2,TUESDAY,9,09:00–10:00,False,123,5
2020,Pre-CRC (police reports),2,TUESDAY,10,10:00–11:00,False,125,1
2020,Pre-CRC (police reports),2,TUESDAY,11,11:00–12:00,False,149,1
2020,Pre-CRC (police reports),2,TUESDAY,12,12:00–13:00,False,156,0
2020,Pre-CRC (police reports),2,TUESDAY,13,13:00–14:00,False,147,5
2020,Pre-CRC (police reports),2,TUESDAY,14,14:00–15:00,False,163,0
2020,Pre-CRC (police reports),2,TUESDAY,15,15:00–16:00,False,252,2
2020,Pre-CRC (police reports),2,TUESDAY,16,16:00–17:00,False,254,3
2020,Pre-CRC (police reports),2,TUESDAY,17,17:00–18:00,False,252,4
2020,Pre-CRC (police reports),2,TUESDAY,18,18:00–19:00,False,144,3
2020,Pre-CRC (police reports),2,TUESDAY,19,19:00–20:00,False,98,2
2020,Pre-CRC (police reports),2,TUESDAY,20,20:00–21:00,False,69,2
2020,Pre-CRC (police reports),2,TUESDAY,21,21:00–22:00,False,51,1
2020,Pre-CRC (police reports),2,TUESDAY,22,22:00–23:00,False,33,1
2020,Pre-CRC (police reports),2,TUESDAY,23,23:00–24:00,True,71,0
2020,Pre-CRC (police reports),3,WEDNESDAY,0,00:00–01:00,False,21,0
2020,Pre-CRC (police reports),3,WEDNESDAY,1,01:00–02:00,False,12,0
2020,Pre-CRC (police reports),3,WEDNESDAY,2,02:00–03:00,False,8,2
2020,Pre-CRC (police reports),3,WEDNESDAY,3,03:00–04:00,False,5,0
2020,Pre-CRC (police reports),3,WEDNESDAY,4,04:00–05:00,False,12,1
2020,Pre-CRC (police reports),3,WEDNESDAY,5,05:00–06:00,False,19,0
2020,Pre-CRC (police reports),3,WEDNESDAY,6,06:00–07:00,False,61,1
2020,Pre-CRC (police reports),3,WEDNESDAY,7,07:00–08:00,False,172,1
2020,Pre-CRC (police reports),3,WEDNESDAY,8,08:00–09:00,False,189,1
2020,Pre-CRC (police reports),3,WEDNESDAY,9,09:00–10:00,False,126,0
2020,Pre-CRC (police reports),3,WEDNESDAY,10,10:00–11:00,False,137,3
2020,Pre-CRC (police reports),3,WEDNESDAY,11,11:00–12:00,False,153,3
2020,Pre-CRC (police reports),3,WEDNESDAY,12,12:00–13:00,False,188,4
2020,Pre-CRC (police reports),3,WEDNESDAY,13,13:00–14:00,False,168,1
2020,Pre-CRC (police reports),3,WEDNESDAY,14,14:00–15:00,False,201,2
2020,Pre-CRC (police reports),3,WEDNESDAY,15,15:00–16:00,False,260,2
2020,Pre-CRC (police reports),3,WEDNESDAY,16,16:00–17:00,False,279,1
2020,Pre-CRC (police reports),3,WEDNESDAY,17,17:00–18:00,False,264,1
2020,Pre-CRC (police reports),3,WEDNESDAY,18,18:00–19:00,False,152,2
2020,Pre-CRC (police reports),3,WEDNESDAY,19,19:00–20:00,False,113,2
2020,Pre-CRC (police reports),3,WEDNESDAY,20,20:00–21:00,False,72,0
2020,Pre-CRC (police reports),3,WEDNESDAY,21,21:00–22:00,False,53,0
2020,Pre-CRC (police reports),3,WEDNESDAY,22,22:00–23:00,False,19,1
2020,Pre-CRC (police reports),3,WEDNESDAY,23,23:00–24:00,True,77,2
2020,Pre-CRC (police reports),4,THURSDAY,0,00:00–01:00,False,15,2
2020,Pre-CRC (police reports),4,THURSDAY,1,01:00–02:00,False,10,1
2020,Pre-CRC (police reports),4,THURSDAY,2,02:00–03:00,False,10,0
2020,Pre-CRC (police reports),4,THURSDAY,3,03:00–04:00,False,8,1
2020,Pre-CRC (police reports),4,THURSDAY,4,04:00–05:00,False,8,0
2020,Pre-CRC (police reports),4,THURSDAY,5,05:00–06:00,False,18,0
2020,Pre-CRC (police reports),4,THURSDAY,6,06:00–07:00,False,59,2
2020,Pre-CRC (police reports),4,THURSDAY,7,07:00–08:00,False,151,1
2020,Pre-CRC (police reports),4,THURSDAY,8,08:00–09:00,False,141,1
2020,Pre-CRC (police reports),4,THURSDAY,9,09:00–10:00,False,101,1
2020,Pre-CRC (police reports),4,THURSDAY,10,10:00–11:00,False,131,1
2020,Pre-CRC (police reports),4,THURSDAY,11,11:00–12:00,False,162,1
2020,Pre-CRC (police reports),4,THURSDAY,12,12:00–13:00,False,184,2
2020,Pre-CRC (police reports),4,THURSDAY,13,13:00–14:00,False,186,2
2020,Pre-CRC (police reports),4,THURSDAY,14,14:00–15:00,False,230,3
2020,Pre-CRC (police reports),4,THURSDAY,15,15:00–16:00,False,230,2
2020,Pre-CRC (police reports),4,THURSDAY,16,16:00–17:00,False,260,3
2020,Pre-CRC (police reports),4,THURSDAY,17,17:00–18:00,False,227,3
2020,Pre-CRC (police reports),4,THURSDAY,18,18:00–19:00,False,137,2
2020,Pre-CRC (police reports),4,THURSDAY,19,19:00–20:00,False,74,1
2020,Pre-CRC (police reports),4,THURSDAY,20,20:00–21:00,False,71,3
2020,Pre-CRC (police reports),4,THURSDAY,21,21:00–22:00,False,51,0
2020,Pre-CRC (police reports),4,THURSDAY,22,22:00–23:00,False,34,0
2020,Pre-CRC (police reports),4,THURSDAY,23,23:00–24:00,True,64,3
2020,Pre-CRC (police reports),5,FRIDAY,0,00:00–01:00,False,12,0
2020,Pre-CRC (police reports),5,FRIDAY,1,01:00–02:00,False,12,0
2020,Pre-CRC (police reports),5,FRIDAY,2,02:00–03:00,False,4,1
2020,Pre-CRC (police reports),5,FRIDAY,3,03:00–04:00,False,4,0
2020,Pre-CRC (police reports),5,FRIDAY,4,04:00–05:00,False,11,0
2020,Pre-CRC (police reports),5,FRIDAY,5,05:00–06:00,False,25,0
2020,Pre-CRC (police reports),5,FRIDAY,6,06:00–07:00,False,55,0
2020,Pre-CRC (police reports),5,FRIDAY,7,07:00–08:00,False,114,1
2020,Pre-CRC (police reports),5,FRIDAY,8,08:00–09:00,False,120,2
2020,Pre-CRC (police reports),5,FRIDAY,9,09:00–10:00,False,79,2
2020,Pre-CRC (police reports),5,FRIDAY,10,10:00–11:00,False,116,0
2020,Pre-CRC (police reports),5,FRIDAY,11,11:00–12:00,False,171,1
2020,Pre-CRC (police reports),5,FRIDAY,12,12:00–13:00,False,167,1
2020,Pre-CRC (police reports),5,FRIDAY,13,13:00–14:00,False,158,3
2020,Pre-CRC (police reports),5,FRIDAY,14,14:00–15:00,False,196,2
2020,Pre-CRC (police reports),5,FRIDAY,15,15:00–16:00,False,242,3
2020,Pre-CRC (police reports),5,FRIDAY,16,16:00–17:00,False,227,2
2020,Pre-CRC (police reports),5,FRIDAY,17,17:00–18:00,False,193,3
2020,Pre-CRC (police reports),5,FRIDAY,18,18:00–19:00,False,130,4
2020,Pre-CRC (police reports),5,FRIDAY,19,19:00–20:00,False,92,0
2020,Pre-CRC (police reports),5,FRIDAY,20,20:00–21:00,False,55,3
2020,Pre-CRC (police reports),5,FRIDAY,21,21:00–22:00,False,70,3
2020,Pre-CRC (police reports),5,FRIDAY,22,22:00–23:00,False,37,2
2020,Pre-CRC (police reports),5,FRIDAY,23,23:00–24:00,True,100,3
2020,Pre-CRC (police reports),6,SATURDAY,0,00:00–01:00,False,23,1
2020,Pre-CRC (police reports),6,SATURDAY,1,01:00–02:00,False,17,1
2020,Pre-CRC (police reports),6,SATURDAY,2,02:00–03:00,False,17,1
2020,Pre-CRC (police reports),6,SATURDAY,3,03:00–04:00,False,18,0
2020,Pre-CRC (police reports),6,SATURDAY,4,04:00–05:00,False,13,0
2020,Pre-CRC (police reports),6,SATURDAY,5,05:00–06:00,False,15,0
2020,Pre-CRC (police reports),6,SATURDAY,6,06:00–07:00,False,29,0
2020,Pre-CRC (police reports),6,SATURDAY,7,07:00–08:00,False,41,0
2020,Pre-CRC (police reports),6,SATURDAY,8,08:00–09:00,False,46,0
2020,Pre-CRC (police reports),6,SATURDAY,9,09:00–10:00,False,91,1
2020,Pre-CRC (police reports),6,SATURDAY,10,10:00–11:00,False,104,0
2020,Pre-CRC (police reports),6,SATURDAY,11,11:00–12:00,False,162,1
2020,Pre-CRC (police reports),6,SATURDAY,12,12:00–13:00,False,156,1
2020,Pre-CRC (police reports),6,SATURDAY,13,13:00–14:00,False,164,0
2020,Pre-CRC (police reports),6,SATURDAY,14,14:00–15:00,False,200,1
2020,Pre-CRC (police reports),6,SATURDAY,15,15:00–16:00,False,156,1
2020,Pre-CRC (police reports),6,SATURDAY,16,16:00–17:00,False,138,0
2020,Pre-CRC (police reports),6,SATURDAY,17,17:00–18:00,False,127,2
2020,Pre-CRC (police reports),6,SATURDAY,18,18:00–19:00,False,116,2
2020,Pre-CRC (police reports),6,SATURDAY,19,19:00–20:00,False,97,0
2020,Pre-CRC (police reports),6,SATURDAY,20,20:00–21:00,False,55,0
2020,Pre-CRC (police reports),6,SATURDAY,21,21:00–22:00,False,48,0
2020,Pre-CRC (police reports),6,SATURDAY,22,22:00–23:00,False,48,2
2020,Pre-CRC (police reports),6,SATURDAY,23,23:00–24:00,True,87,0
2020,Pre-CRC (police reports),7,SUNDAY,0,00:00–01:00,False,25,0
2020,Pre-CRC (police reports),7,SUNDAY,1,01:00–02:00,False,12,0
2020,Pre-CRC (police reports),7,SUNDAY,2,02:00–03:00,False,19,0
2020,Pre-CRC (police reports),7,SUNDAY,3,03:00–04:00,False,9,1
2020,Pre-CRC (police reports),7,SUNDAY,4,04:00–05:00,False,13,0
2020,Pre-CRC (police reports),7,SUNDAY,5,05:00–06:00,False,9,0
2020,Pre-CRC (police reports),7,SUNDAY,6,06:00–07:00,False,13,0
2020,Pre-CRC (police reports),7,SUNDAY,7,07:00–08:00,False,17,0
2020,Pre-CRC (police reports),7,SUNDAY,8,08:00–09:00,False,28,0
2020,Pre-CRC (police reports),7,SUNDAY,9,09:00–10:00,False,42,0
2020,Pre-CRC (police reports),7,SUNDAY,10,10:00–11:00,False,63,0
2020,Pre-CRC (police reports),7,SUNDAY,11,11:00–12:00,False,107,1
2020,Pre-CRC (police reports),7,SUNDAY,12,12:00–13:00,False,93,2
2020,Pre-CRC (police reports),7,SUNDAY,13,13:00–14:00,False,123,2
2020,Pre-CRC (police reports),7,SUNDAY,14,14:00–15:00,False,129,0
2020,Pre-CRC (police reports),7,SUNDAY,15,15:00–16:00,False,114,1
2020,Pre-CRC (police reports),7,SUNDAY,16,16:00–17:00,False,76,0
2020,Pre-CRC (police reports),7,SUNDAY,17,17:00–18:00,False,96,0
2020,Pre-CRC (police reports),7,SUNDAY,18,18:00–19:00,False,68,2
2020,Pre-CRC (police reports),7,SUNDAY,19,19:00–20:00,False,59,1
2020,Pre-CRC (police reports),7,SUNDAY,20,20:00–21:00,False,62,1
2020,Pre-CRC (police reports),7,SUNDAY,21,21:00–22:00,False,30,1
2020,Pre-CRC (police reports),7,SUNDAY,22,22:00–23:00,False,34,0
2020,Pre-CRC (police reports),7,SUNDAY,23,23:00–24:00,True,47,3
2021,Pre-CRC (police reports),1,MONDAY,0,00:00–01:00,False,20,0
2021,Pre-CRC (police reports),1,MONDAY,1,01:00–02:00,False,11,2
2021,Pre-CRC (police reports),1,MONDAY,2,02:00–03:00,False,10,1
2021,Pre-CRC (police reports),1,MONDAY,3,03:00–04:00,False,13,1
2021,Pre-CRC (police reports),1,MONDAY,4,04:00–05:00,False,9,0
2021,Pre-CRC (police reports),1,MONDAY,5,05:00–06:00,False,25,0
2021,Pre-CRC (police reports),1,MONDAY,6,06:00–07:00,False,62,0
2021,Pre-CRC (police reports),1,MONDAY,7,07:00–08:00,False,124,1
2021,Pre-CRC (police reports),1,MONDAY,8,08:00–09:00,False,125,0
2021,Pre-CRC (police reports),1,MONDAY,9,09:00–10:00,False,95,2
2021,Pre-CRC (police reports),1,MONDAY,10,10:00–11:00,False,97,3
2021,Pre-CRC (police reports),1,MONDAY,11,11:00–12:00,False,139,3
2021,Pre-CRC (police reports),1,MONDAY,12,12:00–13:00,False,118,2
2021,Pre-CRC (police reports),1,MONDAY,13,13:00–14:00,False,111,1
2021,Pre-CRC (police reports),1,MONDAY,14,14:00–15:00,False,178,2
2021,Pre-CRC (police reports),1,MONDAY,15,15:00–16:00,False,244,2
2021,Pre-CRC (police reports),1,MONDAY,16,16:00–17:00,False,244,3
2021,Pre-CRC (police reports),1,MONDAY,17,17:00–18:00,False,186,2
2021,Pre-CRC (police reports),1,MONDAY,18,18:00–19:00,False,120,5
2021,Pre-CRC (police reports),1,MONDAY,19,19:00–20:00,False,71,0
2021,Pre-CRC (police reports),1,MONDAY,20,20:00–21:00,False,57,1
2021,Pre-CRC (police reports),1,MONDAY,21,21:00–22:00,False,43,2
2021,Pre-CRC (police reports),1,MONDAY,22,22:00–23:00,False,42,0
2021,Pre-CRC (police reports),1,MONDAY,23,23:00–24:00,True,87,5
2021,Pre-CRC (police reports),2,TUESDAY,0,00:00–01:00,False,21,1
2021,Pre-CRC (police reports),2,TUESDAY,1,01:00–02:00,False,12,0
2021,Pre-CRC (police reports),2,TUESDAY,2,02:00–03:00,False,8,0
2021,Pre-CRC (police reports),2,TUESDAY,3,03:00–04:00,False,3,0
2021,Pre-CRC (police reports),2,TUESDAY,4,04:00–05:00,False,9,0
2021,Pre-CRC (police reports),2,TUESDAY,5,05:00–06:00,False,22,0
2021,Pre-CRC (police reports),2,TUESDAY,6,06:00–07:00,False,63,3
2021,Pre-CRC (police reports),2,TUESDAY,7,07:00–08:00,False,152,0
2021,Pre-CRC (police reports),2,TUESDAY,8,08:00–09:00,False,181,2
2021,Pre-CRC (police reports),2,TUESDAY,9,09:00–10:00,False,100,0
2021,Pre-CRC (police reports),2,TUESDAY,10,10:00–11:00,False,120,1
2021,Pre-CRC (police reports),2,TUESDAY,11,11:00–12:00,False,166,1
2021,Pre-CRC (police reports),2,TUESDAY,12,12:00–13:00,False,175,2
2021,Pre-CRC (police reports),2,TUESDAY,13,13:00–14:00,False,161,3
2021,Pre-CRC (police reports),2,TUESDAY,14,14:00–15:00,False,214,1
2021,Pre-CRC (police reports),2,TUESDAY,15,15:00–16:00,False,266,3
2021,Pre-CRC (police reports),2,TUESDAY,16,16:00–17:00,False,291,4
2021,Pre-CRC (police reports),2,TUESDAY,17,17:00–18:00,False,218,2
2021,Pre-CRC (police reports),2,TUESDAY,18,18:00–19:00,False,128,3
2021,Pre-CRC (police reports),2,TUESDAY,19,19:00–20:00,False,79,0
2021,Pre-CRC (police reports),2,TUESDAY,20,20:00–21:00,False,73,1
2021,Pre-CRC (police reports),2,TUESDAY,21,21:00–22:00,False,54,1
2021,Pre-CRC (police reports),2,TUESDAY,22,22:00–23:00,False,36,0
2021,Pre-CRC (police reports),2,TUESDAY,23,23:00–24:00,True,78,1
2021,Pre-CRC (police reports),3,WEDNESDAY,0,00:00–01:00,False,20,1
2021,Pre-CRC (police reports),3,WEDNESDAY,1,01:00–02:00,False,12,1
2021,Pre-CRC (police reports),3,WEDNESDAY,2,02:00–03:00,False,10,1
2021,Pre-CRC (police reports),3,WEDNESDAY,3,03:00–04:00,False,9,0
2021,Pre-CRC (police reports),3,WEDNESDAY,4,04:00–05:00,False,10,0
2021,Pre-CRC (police reports),3,WEDNESDAY,5,05:00–06:00,False,28,0
2021,Pre-CRC (police reports),3,WEDNESDAY,6,06:00–07:00,False,86,1
2021,Pre-CRC (police reports),3,WEDNESDAY,7,07:00–08:00,False,174,0
2021,Pre-CRC (police reports),3,WEDNESDAY,8,08:00–09:00,False,184,1
2021,Pre-CRC (police reports),3,WEDNESDAY,9,09:00–10:00,False,114,1
2021,Pre-CRC (police reports),3,WEDNESDAY,10,10:00–11:00,False,125,4
2021,Pre-CRC (police reports),3,WEDNESDAY,11,11:00–12:00,False,164,4
2021,Pre-CRC (police reports),3,WEDNESDAY,12,12:00–13:00,False,149,1
2021,Pre-CRC (police reports),3,WEDNESDAY,13,13:00–14:00,False,161,4
2021,Pre-CRC (police reports),3,WEDNESDAY,14,14:00–15:00,False,200,1
2021,Pre-CRC (police reports),3,WEDNESDAY,15,15:00–16:00,False,279,5
2021,Pre-CRC (police reports),3,WEDNESDAY,16,16:00–17:00,False,293,2
2021,Pre-CRC (police reports),3,WEDNESDAY,17,17:00–18:00,False,248,7
2021,Pre-CRC (police reports),3,WEDNESDAY,18,18:00–19:00,False,148,0
2021,Pre-CRC (police reports),3,WEDNESDAY,19,19:00–20:00,False,82,0
2021,Pre-CRC (police reports),3,WEDNESDAY,20,20:00–21:00,False,86,4
2021,Pre-CRC (police reports),3,WEDNESDAY,21,21:00–22:00,False,62,2
2021,Pre-CRC (police reports),3,WEDNESDAY,22,22:00–23:00,False,52,1
2021,Pre-CRC (police reports),3,WEDNESDAY,23,23:00–24:00,True,90,5
2021,Pre-CRC (police reports),4,THURSDAY,0,00:00–01:00,False,23,1
2021,Pre-CRC (police reports),4,THURSDAY,1,01:00–02:00,False,3,0
2021,Pre-CRC (police reports),4,THURSDAY,2,02:00–03:00,False,13,0
2021,Pre-CRC (police reports),4,THURSDAY,3,03:00–04:00,False,15,1
2021,Pre-CRC (police reports),4,THURSDAY,4,04:00–05:00,False,8,0
2021,Pre-CRC (police reports),4,THURSDAY,5,05:00–06:00,False,17,0
2021,Pre-CRC (police reports),4,THURSDAY,6,06:00–07:00,False,135,3
2021,Pre-CRC (police reports),4,THURSDAY,7,07:00–08:00,False,208,1
2021,Pre-CRC (police reports),4,THURSDAY,8,08:00–09:00,False,205,1
2021,Pre-CRC (police reports),4,THURSDAY,9,09:00–10:00,False,134,2
2021,Pre-CRC (police reports),4,THURSDAY,10,10:00–11:00,False,105,1
2021,Pre-CRC (police reports),4,THURSDAY,11,11:00–12:00,False,188,2
2021,Pre-CRC (police reports),4,THURSDAY,12,12:00–13:00,False,246,1
2021,Pre-CRC (police reports),4,THURSDAY,13,13:00–14:00,False,198,0
2021,Pre-CRC (police reports),4,THURSDAY,14,14:00–15:00,False,236,2
2021,Pre-CRC (police reports),4,THURSDAY,15,15:00–16:00,False,251,1
2021,Pre-CRC (police reports),4,THURSDAY,16,16:00–17:00,False,321,4
2021,Pre-CRC (police reports),4,THURSDAY,17,17:00–18:00,False,271,2
2021,Pre-CRC (police reports),4,THURSDAY,18,18:00–19:00,False,174,3
2021,Pre-CRC (police reports),4,THURSDAY,19,19:00–20:00,False,122,2
2021,Pre-CRC (police reports),4,THURSDAY,20,20:00–21:00,False,73,2
2021,Pre-CRC (police reports),4,THURSDAY,21,21:00–22:00,False,70,1
2021,Pre-CRC (police reports),4,THURSDAY,22,22:00–23:00,False,44,2
2021,Pre-CRC (police reports),4,THURSDAY,23,23:00–24:00,True,84,0
2021,Pre-CRC (police reports),5,FRIDAY,0,00:00–01:00,False,25,2
2021,Pre-CRC (police reports),5,FRIDAY,1,01:00–02:00,False,7,0
2021,Pre-CRC (police reports),5,FRIDAY,2,02:00–03:00,False,13,1
2021,Pre-CRC (police reports),5,FRIDAY,3,03:00–04:00,False,8,1
2021,Pre-CRC (police reports),5,FRIDAY,4,04:00–05:00,False,10,0
2021,Pre-CRC (police reports),5,FRIDAY,5,05:00–06:00,False,11,0
2021,Pre-CRC (police reports),5,FRIDAY,6,06:00–07:00,False,55,0
2021,Pre-CRC (police reports),5,FRIDAY,7,07:00–08:00,False,148,0
2021,Pre-CRC (police reports),5,FRIDAY,8,08:00–09:00,False,145,3
2021,Pre-CRC (police reports),5,FRIDAY,9,09:00–10:00,False,113,0
2021,Pre-CRC (police reports),5,FRIDAY,10,10:00–11:00,False,147,1
2021,Pre-CRC (police reports),5,FRIDAY,11,11:00–12:00,False,184,1
2021,Pre-CRC (police reports),5,FRIDAY,12,12:00–13:00,False,191,2
2021,Pre-CRC (police reports),5,FRIDAY,13,13:00–14:00,False,182,1
2021,Pre-CRC (police reports),5,FRIDAY,14,14:00–15:00,False,245,3
2021,Pre-CRC (police reports),5,FRIDAY,15,15:00–16:00,False,331,3
2021,Pre-CRC (police reports),5,FRIDAY,16,16:00–17:00,False,334,1
2021,Pre-CRC (police reports),5,FRIDAY,17,17:00–18:00,False,237,2
2021,Pre-CRC (police reports),5,FRIDAY,18,18:00–19:00,False,176,2
2021,Pre-CRC (police reports),5,FRIDAY,19,19:00–20:00,False,120,2
2021,Pre-CRC (police reports),5,FRIDAY,20,20:00–21:00,False,92,1
2021,Pre-CRC (police reports),5,FRIDAY,21,21:00–22:00,False,84,4
2021,Pre-CRC (police reports),5,FRIDAY,22,22:00–23:00,False,46,1
2021,Pre-CRC (police reports),5,FRIDAY,23,23:00–24:00,True,146,3
2021,Pre-CRC (police reports),6,SATURDAY,0,00:00–01:00,False,35,0
2021,Pre-CRC (police reports),6,SATURDAY,1,01:00–02:00,False,25,2
2021,Pre-CRC (police reports),6,SATURDAY,2,02:00–03:00,False,16,1
2021,Pre-CRC (police reports),6,SATURDAY,3,03:00–04:00,False,24,0
2021,Pre-CRC (police reports),6,SATURDAY,4,04:00–05:00,False,13,2
2021,Pre-CRC (police reports),6,SATURDAY,5,05:00–06:00,False,12,1
2021,Pre-CRC (police reports),6,SATURDAY,6,06:00–07:00,False,21,1
2021,Pre-CRC (police reports),6,SATURDAY,7,07:00–08:00,False,35,1
2021,Pre-CRC (police reports),6,SATURDAY,8,08:00–09:00,False,49,0
2021,Pre-CRC (police reports),6,SATURDAY,9,09:00–10:00,False,70,0
2021,Pre-CRC (police reports),6,SATURDAY,10,10:00–11:00,False,104,3
2021,Pre-CRC (police reports),6,SATURDAY,11,11:00–12:00,False,137,1
2021,Pre-CRC (police reports),6,SATURDAY,12,12:00–13:00,False,162,4
2021,Pre-CRC (police reports),6,SATURDAY,13,13:00–14:00,False,163,3
2021,Pre-CRC (police reports),6,SATURDAY,14,14:00–15:00,False,188,0
2021,Pre-CRC (police reports),6,SATURDAY,15,15:00–16:00,False,163,2
2021,Pre-CRC (police reports),6,SATURDAY,16,16:00–17:00,False,147,4
2021,Pre-CRC (police reports),6,SATURDAY,17,17:00–18:00,False,128,0
2021,Pre-CRC (police reports),6,SATURDAY,18,18:00–19:00,False,130,2
2021,Pre-CRC (police reports),6,SATURDAY,19,19:00–20:00,False,102,2
2021,Pre-CRC (police reports),6,SATURDAY,20,20:00–21:00,False,67,1
2021,Pre-CRC (police reports),6,SATURDAY,21,21:00–22:00,False,53,1
2021,Pre-CRC (police reports),6,SATURDAY,22,22:00–23:00,False,62,4
2021,Pre-CRC (police reports),6,SATURDAY,23,23:00–24:00,True,90,0
2021,Pre-CRC (police reports),7,SUNDAY,0,00:00–01:00,False,30,0
2021,Pre-CRC (police reports),7,SUNDAY,1,01:00–02:00,False,31,2
2021,Pre-CRC (police reports),7,SUNDAY,2,02:00–03:00,False,22,1
2021,Pre-CRC (police reports),7,SUNDAY,3,03:00–04:00,False,16,2
2021,Pre-CRC (police reports),7,SUNDAY,4,04:00–05:00,False,15,1
2021,Pre-CRC (police reports),7,SUNDAY,5,05:00–06:00,False,20,0
2021,Pre-CRC (police reports),7,SUNDAY,6,06:00–07:00,False,13,1
2021,Pre-CRC (police reports),7,SUNDAY,7,07:00–08:00,False,25,0
2021,Pre-CRC (police reports),7,SUNDAY,8,08:00–09:00,False,35,0
2021,Pre-CRC (police reports),7,SUNDAY,9,09:00–10:00,False,41,1
2021,Pre-CRC (police reports),7,SUNDAY,10,10:00–11:00,False,69,1
2021,Pre-CRC (police reports),7,SUNDAY,11,11:00–12:00,False,123,0
2021,Pre-CRC (police reports),7,SUNDAY,12,12:00–13:00,False,119,2
2021,Pre-CRC (police reports),7,SUNDAY,13,13:00–14:00,False,120,0
2021,Pre-CRC (police reports),7,SUNDAY,14,14:00–15:00,False,128,3
2021,Pre-CRC (police reports),7,SUNDAY,15,15:00–16:00,False,115,3
2021,Pre-CRC (police reports),7,SUNDAY,16,16:00–17:00,False,127,1
2021,Pre-CRC (police reports),7,SUNDAY,17,17:00–18:00,False,97,2
2021,Pre-CRC (police reports),7,SUNDAY,18,18:00–19:00,False,86,3
2021,Pre-CRC (police reports),7,SUNDAY,19,19:00–20:00,False,72,1
2021,Pre-CRC (police reports),7,SUNDAY,20,20:00–21:00,False,53,0
2021,Pre-CRC (police reports),7,SUNDAY,21,21:00–22:00,False,53,2
2021,Pre-CRC (police reports),7,SUNDAY,22,22:00–23:00,False,50,2
2021,Pre-CRC (police reports),7,SUNDAY,23,23:00–24:00,True,66,3
2022,Transition (CRC from Sep 2022),1,MONDAY,0,00:00–01:00,False,24,0
2022,Transition (CRC from Sep 2022),1,MONDAY,1,01:00–02:00,False,18,1
2022,Transition (CRC from Sep 2022),1,MONDAY,2,02:00–03:00,False,16,0
2022,Transition (CRC from Sep 2022),1,MONDAY,3,03:00–04:00,False,19,1
2022,Transition (CRC from Sep 2022),1,MONDAY,4,04:00–05:00,False,20,1
2022,Transition (CRC from Sep 2022),1,MONDAY,5,05:00–06:00,False,43,3
2022,Transition (CRC from Sep 2022),1,MONDAY,6,06:00–07:00,False,93,1
2022,Transition (CRC from Sep 2022),1,MONDAY,7,07:00–08:00,False,193,1
2022,Transition (CRC from Sep 2022),1,MONDAY,8,08:00–09:00,False,226,2
2022,Transition (CRC from Sep 2022),1,MONDAY,9,09:00–10:00,False,145,1
2022,Transition (CRC from Sep 2022),1,MONDAY,10,10:00–11:00,False,130,2
2022,Transition (CRC from Sep 2022),1,MONDAY,11,11:00–12:00,False,164,3
2022,Transition (CRC from Sep 2022),1,MONDAY,12,12:00–13:00,False,153,4
2022,Transition (CRC from Sep 2022),1,MONDAY,13,13:00–14:00,False,165,1
2022,Transition (CRC from Sep 2022),1,MONDAY,14,14:00–15:00,False,177,2
2022,Transition (CRC from Sep 2022),1,MONDAY,15,15:00–16:00,False,254,2
2022,Transition (CRC from Sep 2022),1,MONDAY,16,16:00–17:00,False,301,5
2022,Transition (CRC from Sep 2022),1,MONDAY,17,17:00–18:00,False,237,5
2022,Transition (CRC from Sep 2022),1,MONDAY,18,18:00–19:00,False,145,2
2022,Transition (CRC from Sep 2022),1,MONDAY,19,19:00–20:00,False,112,1
2022,Transition (CRC from Sep 2022),1,MONDAY,20,20:00–21:00,False,65,3
2022,Transition (CRC from Sep 2022),1,MONDAY,21,21:00–22:00,False,46,1
2022,Transition (CRC from Sep 2022),1,MONDAY,22,22:00–23:00,False,41,2
2022,Transition (CRC from Sep 2022),1,MONDAY,23,23:00–24:00,True,72,1
2022,Transition (CRC from Sep 2022),2,TUESDAY,0,00:00–01:00,False,16,0
2022,Transition (CRC from Sep 2022),2,TUESDAY,1,01:00–02:00,False,16,3
2022,Transition (CRC from Sep 2022),2,TUESDAY,2,02:00–03:00,False,17,0
2022,Transition (CRC from Sep 2022),2,TUESDAY,3,03:00–04:00,False,16,0
2022,Transition (CRC from Sep 2022),2,TUESDAY,4,04:00–05:00,False,19,0
2022,Transition (CRC from Sep 2022),2,TUESDAY,5,05:00–06:00,False,40,0
2022,Transition (CRC from Sep 2022),2,TUESDAY,6,06:00–07:00,False,85,2
2022,Transition (CRC from Sep 2022),2,TUESDAY,7,07:00–08:00,False,191,1
2022,Transition (CRC from Sep 2022),2,TUESDAY,8,08:00–09:00,False,254,2
2022,Transition (CRC from Sep 2022),2,TUESDAY,9,09:00–10:00,False,125,1
2022,Transition (CRC from Sep 2022),2,TUESDAY,10,10:00–11:00,False,140,1
2022,Transition (CRC from Sep 2022),2,TUESDAY,11,11:00–12:00,False,167,2
2022,Transition (CRC from Sep 2022),2,TUESDAY,12,12:00–13:00,False,171,1
2022,Transition (CRC from Sep 2022),2,TUESDAY,13,13:00–14:00,False,167,2
2022,Transition (CRC from Sep 2022),2,TUESDAY,14,14:00–15:00,False,202,0
2022,Transition (CRC from Sep 2022),2,TUESDAY,15,15:00–16:00,False,317,3
2022,Transition (CRC from Sep 2022),2,TUESDAY,16,16:00–17:00,False,336,3
2022,Transition (CRC from Sep 2022),2,TUESDAY,17,17:00–18:00,False,266,7
2022,Transition (CRC from Sep 2022),2,TUESDAY,18,18:00–19:00,False,126,1
2022,Transition (CRC from Sep 2022),2,TUESDAY,19,19:00–20:00,False,76,1
2022,Transition (CRC from Sep 2022),2,TUESDAY,20,20:00–21:00,False,74,2
2022,Transition (CRC from Sep 2022),2,TUESDAY,21,21:00–22:00,False,49,0
2022,Transition (CRC from Sep 2022),2,TUESDAY,22,22:00–23:00,False,44,3
2022,Transition (CRC from Sep 2022),2,TUESDAY,23,23:00–24:00,True,93,4
2022,Transition (CRC from Sep 2022),3,WEDNESDAY,0,00:00–01:00,False,17,2
2022,Transition (CRC from Sep 2022),3,WEDNESDAY,1,01:00–02:00,False,15,0
2022,Transition (CRC from Sep 2022),3,WEDNESDAY,2,02:00–03:00,False,16,1
2022,Transition (CRC from Sep 2022),3,WEDNESDAY,3,03:00–04:00,False,17,0
2022,Transition (CRC from Sep 2022),3,WEDNESDAY,4,04:00–05:00,False,18,0
2022,Transition (CRC from Sep 2022),3,WEDNESDAY,5,05:00–06:00,False,42,0
2022,Transition (CRC from Sep 2022),3,WEDNESDAY,6,06:00–07:00,False,86,1
2022,Transition (CRC from Sep 2022),3,WEDNESDAY,7,07:00–08:00,False,268,3
2022,Transition (CRC from Sep 2022),3,WEDNESDAY,8,08:00–09:00,False,275,4
2022,Transition (CRC from Sep 2022),3,WEDNESDAY,9,09:00–10:00,False,142,1
2022,Transition (CRC from Sep 2022),3,WEDNESDAY,10,10:00–11:00,False,141,0
2022,Transition (CRC from Sep 2022),3,WEDNESDAY,11,11:00–12:00,False,185,3
2022,Transition (CRC from Sep 2022),3,WEDNESDAY,12,12:00–13:00,False,185,5
2022,Transition (CRC from Sep 2022),3,WEDNESDAY,13,13:00–14:00,False,201,4
2022,Transition (CRC from Sep 2022),3,WEDNESDAY,14,14:00–15:00,False,239,4
2022,Transition (CRC from Sep 2022),3,WEDNESDAY,15,15:00–16:00,False,312,5
2022,Transition (CRC from Sep 2022),3,WEDNESDAY,16,16:00–17:00,False,367,5
2022,Transition (CRC from Sep 2022),3,WEDNESDAY,17,17:00–18:00,False,292,3
2022,Transition (CRC from Sep 2022),3,WEDNESDAY,18,18:00–19:00,False,169,3
2022,Transition (CRC from Sep 2022),3,WEDNESDAY,19,19:00–20:00,False,90,3
2022,Transition (CRC from Sep 2022),3,WEDNESDAY,20,20:00–21:00,False,77,2
2022,Transition (CRC from Sep 2022),3,WEDNESDAY,21,21:00–22:00,False,71,3
2022,Transition (CRC from Sep 2022),3,WEDNESDAY,22,22:00–23:00,False,32,1
2022,Transition (CRC from Sep 2022),3,WEDNESDAY,23,23:00–24:00,True,86,4
2022,Transition (CRC from Sep 2022),4,THURSDAY,0,00:00–01:00,False,24,1
2022,Transition (CRC from Sep 2022),4,THURSDAY,1,01:00–02:00,False,18,0
2022,Transition (CRC from Sep 2022),4,THURSDAY,2,02:00–03:00,False,11,1
2022,Transition (CRC from Sep 2022),4,THURSDAY,3,03:00–04:00,False,26,0
2022,Transition (CRC from Sep 2022),4,THURSDAY,4,04:00–05:00,False,30,0
2022,Transition (CRC from Sep 2022),4,THURSDAY,5,05:00–06:00,False,41,0
2022,Transition (CRC from Sep 2022),4,THURSDAY,6,06:00–07:00,False,100,1
2022,Transition (CRC from Sep 2022),4,THURSDAY,7,07:00–08:00,False,193,2
2022,Transition (CRC from Sep 2022),4,THURSDAY,8,08:00–09:00,False,271,4
2022,Transition (CRC from Sep 2022),4,THURSDAY,9,09:00–10:00,False,142,0
2022,Transition (CRC from Sep 2022),4,THURSDAY,10,10:00–11:00,False,155,1
2022,Transition (CRC from Sep 2022),4,THURSDAY,11,11:00–12:00,False,180,1
2022,Transition (CRC from Sep 2022),4,THURSDAY,12,12:00–13:00,False,202,2
2022,Transition (CRC from Sep 2022),4,THURSDAY,13,13:00–14:00,False,185,0
2022,Transition (CRC from Sep 2022),4,THURSDAY,14,14:00–15:00,False,250,2
2022,Transition (CRC from Sep 2022),4,THURSDAY,15,15:00–16:00,False,252,4
2022,Transition (CRC from Sep 2022),4,THURSDAY,16,16:00–17:00,False,351,3
2022,Transition (CRC from Sep 2022),4,THURSDAY,17,17:00–18:00,False,280,4
2022,Transition (CRC from Sep 2022),4,THURSDAY,18,18:00–19:00,False,170,2
2022,Transition (CRC from Sep 2022),4,THURSDAY,19,19:00–20:00,False,119,4
2022,Transition (CRC from Sep 2022),4,THURSDAY,20,20:00–21:00,False,74,2
2022,Transition (CRC from Sep 2022),4,THURSDAY,21,21:00–22:00,False,69,3
2022,Transition (CRC from Sep 2022),4,THURSDAY,22,22:00–23:00,False,46,1
2022,Transition (CRC from Sep 2022),4,THURSDAY,23,23:00–24:00,True,104,2
2022,Transition (CRC from Sep 2022),5,FRIDAY,0,00:00–01:00,False,18,0
2022,Transition (CRC from Sep 2022),5,FRIDAY,1,01:00–02:00,False,23,3
2022,Transition (CRC from Sep 2022),5,FRIDAY,2,02:00–03:00,False,16,0
2022,Transition (CRC from Sep 2022),5,FRIDAY,3,03:00–04:00,False,22,2
2022,Transition (CRC from Sep 2022),5,FRIDAY,4,04:00–05:00,False,28,1
2022,Transition (CRC from Sep 2022),5,FRIDAY,5,05:00–06:00,False,43,2
2022,Transition (CRC from Sep 2022),5,FRIDAY,6,06:00–07:00,False,70,0
2022,Transition (CRC from Sep 2022),5,FRIDAY,7,07:00–08:00,False,161,1
2022,Transition (CRC from Sep 2022),5,FRIDAY,8,08:00–09:00,False,194,1
2022,Transition (CRC from Sep 2022),5,FRIDAY,9,09:00–10:00,False,139,1
2022,Transition (CRC from Sep 2022),5,FRIDAY,10,10:00–11:00,False,138,1
2022,Transition (CRC from Sep 2022),5,FRIDAY,11,11:00–12:00,False,207,0
2022,Transition (CRC from Sep 2022),5,FRIDAY,12,12:00–13:00,False,181,4
2022,Transition (CRC from Sep 2022),5,FRIDAY,13,13:00–14:00,False,191,2
2022,Transition (CRC from Sep 2022),5,FRIDAY,14,14:00–15:00,False,230,3
2022,Transition (CRC from Sep 2022),5,FRIDAY,15,15:00–16:00,False,345,5
2022,Transition (CRC from Sep 2022),5,FRIDAY,16,16:00–17:00,False,391,5
2022,Transition (CRC from Sep 2022),5,FRIDAY,17,17:00–18:00,False,323,4
2022,Transition (CRC from Sep 2022),5,FRIDAY,18,18:00–19:00,False,191,3
2022,Transition (CRC from Sep 2022),5,FRIDAY,19,19:00–20:00,False,153,7
2022,Transition (CRC from Sep 2022),5,FRIDAY,20,20:00–21:00,False,92,2
2022,Transition (CRC from Sep 2022),5,FRIDAY,21,21:00–22:00,False,89,3
2022,Transition (CRC from Sep 2022),5,FRIDAY,22,22:00–23:00,False,49,2
2022,Transition (CRC from Sep 2022),5,FRIDAY,23,23:00–24:00,True,116,2
2022,Transition (CRC from Sep 2022),6,SATURDAY,0,00:00–01:00,False,37,1
2022,Transition (CRC from Sep 2022),6,SATURDAY,1,01:00–02:00,False,27,2
2022,Transition (CRC from Sep 2022),6,SATURDAY,2,02:00–03:00,False,37,1
2022,Transition (CRC from Sep 2022),6,SATURDAY,3,03:00–04:00,False,25,1
2022,Transition (CRC from Sep 2022),6,SATURDAY,4,04:00–05:00,False,14,1
2022,Transition (CRC from Sep 2022),6,SATURDAY,5,05:00–06:00,False,21,0
2022,Transition (CRC from Sep 2022),6,SATURDAY,6,06:00–07:00,False,29,0
2022,Transition (CRC from Sep 2022),6,SATURDAY,7,07:00–08:00,False,40,1
2022,Transition (CRC from Sep 2022),6,SATURDAY,8,08:00–09:00,False,67,1
2022,Transition (CRC from Sep 2022),6,SATURDAY,9,09:00–10:00,False,118,4
2022,Transition (CRC from Sep 2022),6,SATURDAY,10,10:00–11:00,False,146,0
2022,Transition (CRC from Sep 2022),6,SATURDAY,11,11:00–12:00,False,169,1
2022,Transition (CRC from Sep 2022),6,SATURDAY,12,12:00–13:00,False,203,2
2022,Transition (CRC from Sep 2022),6,SATURDAY,13,13:00–14:00,False,208,3
2022,Transition (CRC from Sep 2022),6,SATURDAY,14,14:00–15:00,False,199,4
2022,Transition (CRC from Sep 2022),6,SATURDAY,15,15:00–16:00,False,191,5
2022,Transition (CRC from Sep 2022),6,SATURDAY,16,16:00–17:00,False,188,4
2022,Transition (CRC from Sep 2022),6,SATURDAY,17,17:00–18:00,False,165,0
2022,Transition (CRC from Sep 2022),6,SATURDAY,18,18:00–19:00,False,141,2
2022,Transition (CRC from Sep 2022),6,SATURDAY,19,19:00–20:00,False,91,3
2022,Transition (CRC from Sep 2022),6,SATURDAY,20,20:00–21:00,False,85,2
2022,Transition (CRC from Sep 2022),6,SATURDAY,21,21:00–22:00,False,73,1
2022,Transition (CRC from Sep 2022),6,SATURDAY,22,22:00–23:00,False,80,1
2022,Transition (CRC from Sep 2022),6,SATURDAY,23,23:00–24:00,True,107,1
2022,Transition (CRC from Sep 2022),7,SUNDAY,0,00:00–01:00,False,43,2
2022,Transition (CRC from Sep 2022),7,SUNDAY,1,01:00–02:00,False,36,0
2022,Transition (CRC from Sep 2022),7,SUNDAY,2,02:00–03:00,False,32,0
2022,Transition (CRC from Sep 2022),7,SUNDAY,3,03:00–04:00,False,24,2
2022,Transition (CRC from Sep 2022),7,SUNDAY,4,04:00–05:00,False,23,1
2022,Transition (CRC from Sep 2022),7,SUNDAY,5,05:00–06:00,False,30,1
2022,Transition (CRC from Sep 2022),7,SUNDAY,6,06:00–07:00,False,16,0
2022,Transition (CRC from Sep 2022),7,SUNDAY,7,07:00–08:00,False,43,1
2022,Transition (CRC from Sep 2022),7,SUNDAY,8,08:00–09:00,False,48,1
2022,Transition (CRC from Sep 2022),7,SUNDAY,9,09:00–10:00,False,65,0
2022,Transition (CRC from Sep 2022),7,SUNDAY,10,10:00–11:00,False,108,3
2022,Transition (CRC from Sep 2022),7,SUNDAY,11,11:00–12:00,False,130,1
2022,Transition (CRC from Sep 2022),7,SUNDAY,12,12:00–13:00,False,129,4
2022,Transition (CRC from Sep 2022),7,SUNDAY,13,13:00–14:00,False,139,2
2022,Transition (CRC from Sep 2022),7,SUNDAY,14,14:00–15:00,False,166,3
2022,Transition (CRC from Sep 2022),7,SUNDAY,15,15:00–16:00,False,133,3
2022,Transition (CRC from Sep 2022),7,SUNDAY,16,16:00–17:00,False,109,2
2022,Transition (CRC from Sep 2022),7,SUNDAY,17,17:00–18:00,False,116,2
2022,Transition (CRC from Sep 2022),7,SUNDAY,18,18:00–19:00,False,102,2
2022,Transition (CRC from Sep 2022),7,SUNDAY,19,19:00–20:00,False,75,4
2022,Transition (CRC from Sep 2022),7,SUNDAY,20,20:00–21:00,False,65,1
2022,Transition (CRC from Sep 2022),7,SUNDAY,21,21:00–22:00,False,50,1
2022,Transition (CRC from Sep 2022),7,SUNDAY,22,22:00–23:00,False,32,1
2022,Transition (CRC from Sep 2022),7,SUNDAY,23,23:00–24:00,True,75,1
2023,CRC,1,MONDAY,0,00:00–01:00,False,22,1
2023,CRC,1,MONDAY,1,01:00–02:00,False,20,0
2023,CRC,1,MONDAY,2,02:00–03:00,False,16,1
2023,CRC,1,MONDAY,3,03:00–04:00,False,19,0
2023,CRC,1,MONDAY,4,04:00–05:00,False,24,0
2023,CRC,1,MONDAY,5,05:00–06:00,False,41,1
2023,CRC,1,MONDAY,6,06:00–07:00,False,79,1
2023,CRC,1,MONDAY,7,07:00–08:00,False,205,2
2023,CRC,1,MONDAY,8,08:00–09:00,False,293,2
2023,CRC,1,MONDAY,9,09:00–10:00,False,177,1
2023,CRC,1,MONDAY,10,10:00–11:00,False,146,1
2023,CRC,1,MONDAY,11,11:00–12:00,False,169,2
2023,CRC,1,MONDAY,12,12:00–13:00,False,157,2
2023,CRC,1,MONDAY,13,13:00–14:00,False,159,3
2023,CRC,1,MONDAY,14,14:00–15:00,False,178,3
2023,CRC,1,MONDAY,15,15:00–16:00,False,271,1
2023,CRC,1,MONDAY,16,16:00–17:00,False,283,4
2023,CRC,1,MONDAY,17,17:00–18:00,False,220,5
2023,CRC,1,MONDAY,18,18:00–19:00,False,129,2
2023,CRC,1,MONDAY,19,19:00–20:00,False,75,2
2023,CRC,1,MONDAY,20,20:00–21:00,False,47,3
2023,CRC,1,MONDAY,21,21:00–22:00,False,51,3
2023,CRC,1,MONDAY,22,22:00–23:00,False,31,0
2023,CRC,1,MONDAY,23,23:00–24:00,True,30,2
2023,CRC,2,TUESDAY,0,00:00–01:00,False,13,1
2023,CRC,2,TUESDAY,1,01:00–02:00,False,14,0
2023,CRC,2,TUESDAY,2,02:00–03:00,False,17,0
2023,CRC,2,TUESDAY,3,03:00–04:00,False,25,2
2023,CRC,2,TUESDAY,4,04:00–05:00,False,24,1
2023,CRC,2,TUESDAY,5,05:00–06:00,False,41,0
2023,CRC,2,TUESDAY,6,06:00–07:00,False,102,5
2023,CRC,2,TUESDAY,7,07:00–08:00,False,266,2
2023,CRC,2,TUESDAY,8,08:00–09:00,False,258,3
2023,CRC,2,TUESDAY,9,09:00–10:00,False,124,1
2023,CRC,2,TUESDAY,10,10:00–11:00,False,143,1
2023,CRC,2,TUESDAY,11,11:00–12:00,False,144,0
2023,CRC,2,TUESDAY,12,12:00–13:00,False,149,2
2023,CRC,2,TUESDAY,13,13:00–14:00,False,155,2
2023,CRC,2,TUESDAY,14,14:00–15:00,False,199,6
2023,CRC,2,TUESDAY,15,15:00–16:00,False,298,4
2023,CRC,2,TUESDAY,16,16:00–17:00,False,377,4
2023,CRC,2,TUESDAY,17,17:00–18:00,False,342,4
2023,CRC,2,TUESDAY,18,18:00–19:00,False,161,8
2023,CRC,2,TUESDAY,19,19:00–20:00,False,80,2
2023,CRC,2,TUESDAY,20,20:00–21:00,False,74,2
2023,CRC,2,TUESDAY,21,21:00–22:00,False,59,3
2023,CRC,2,TUESDAY,22,22:00–23:00,False,43,1
2023,CRC,2,TUESDAY,23,23:00–24:00,True,40,2
2023,CRC,3,WEDNESDAY,0,00:00–01:00,False,17,1
2023,CRC,3,WEDNESDAY,1,01:00–02:00,False,11,0
2023,CRC,3,WEDNESDAY,2,02:00–03:00,False,15,0
2023,CRC,3,WEDNESDAY,3,03:00–04:00,False,16,0
2023,CRC,3,WEDNESDAY,4,04:00–05:00,False,29,1
2023,CRC,3,WEDNESDAY,5,05:00–06:00,False,45,1
2023,CRC,3,WEDNESDAY,6,06:00–07:00,False,104,3
2023,CRC,3,WEDNESDAY,7,07:00–08:00,False,279,6
2023,CRC,3,WEDNESDAY,8,08:00–09:00,False,293,1
2023,CRC,3,WEDNESDAY,9,09:00–10:00,False,134,3
2023,CRC,3,WEDNESDAY,10,10:00–11:00,False,111,4
2023,CRC,3,WEDNESDAY,11,11:00–12:00,False,155,5
2023,CRC,3,WEDNESDAY,12,12:00–13:00,False,176,1
2023,CRC,3,WEDNESDAY,13,13:00–14:00,False,168,2
2023,CRC,3,WEDNESDAY,14,14:00–15:00,False,210,3
2023,CRC,3,WEDNESDAY,15,15:00–16:00,False,334,4
2023,CRC,3,WEDNESDAY,16,16:00–17:00,False,379,6
2023,CRC,3,WEDNESDAY,17,17:00–18:00,False,380,3
2023,CRC,3,WEDNESDAY,18,18:00–19:00,False,160,2
2023,CRC,3,WEDNESDAY,19,19:00–20:00,False,99,0
2023,CRC,3,WEDNESDAY,20,20:00–21:00,False,92,1
2023,CRC,3,WEDNESDAY,21,21:00–22:00,False,57,2
2023,CRC,3,WEDNESDAY,22,22:00–23:00,False,32,1
2023,CRC,3,WEDNESDAY,23,23:00–24:00,True,38,2
2023,CRC,4,THURSDAY,0,00:00–01:00,False,16,1
2023,CRC,4,THURSDAY,1,01:00–02:00,False,13,1
2023,CRC,4,THURSDAY,2,02:00–03:00,False,19,1
2023,CRC,4,THURSDAY,3,03:00–04:00,False,21,0
2023,CRC,4,THURSDAY,4,04:00–05:00,False,30,0
2023,CRC,4,THURSDAY,5,05:00–06:00,False,44,1
2023,CRC,4,THURSDAY,6,06:00–07:00,False,98,0
2023,CRC,4,THURSDAY,7,07:00–08:00,False,242,5
2023,CRC,4,THURSDAY,8,08:00–09:00,False,285,0
2023,CRC,4,THURSDAY,9,09:00–10:00,False,133,3
2023,CRC,4,THURSDAY,10,10:00–11:00,False,152,0
2023,CRC,4,THURSDAY,11,11:00–12:00,False,164,4
2023,CRC,4,THURSDAY,12,12:00–13:00,False,185,1
2023,CRC,4,THURSDAY,13,13:00–14:00,False,172,2
2023,CRC,4,THURSDAY,14,14:00–15:00,False,193,1
2023,CRC,4,THURSDAY,15,15:00–16:00,False,256,2
2023,CRC,4,THURSDAY,16,16:00–17:00,False,354,2
2023,CRC,4,THURSDAY,17,17:00–18:00,False,350,2
2023,CRC,4,THURSDAY,18,18:00–19:00,False,155,4
2023,CRC,4,THURSDAY,19,19:00–20:00,False,95,1
2023,CRC,4,THURSDAY,20,20:00–21:00,False,95,4
2023,CRC,4,THURSDAY,21,21:00–22:00,False,64,2
2023,CRC,4,THURSDAY,22,22:00–23:00,False,43,1
2023,CRC,4,THURSDAY,23,23:00–24:00,True,31,1
2023,CRC,5,FRIDAY,0,00:00–01:00,False,12,1
2023,CRC,5,FRIDAY,1,01:00–02:00,False,15,2
2023,CRC,5,FRIDAY,2,02:00–03:00,False,17,1
2023,CRC,5,FRIDAY,3,03:00–04:00,False,29,0
2023,CRC,5,FRIDAY,4,04:00–05:00,False,26,0
2023,CRC,5,FRIDAY,5,05:00–06:00,False,45,2
2023,CRC,5,FRIDAY,6,06:00–07:00,False,70,1
2023,CRC,5,FRIDAY,7,07:00–08:00,False,196,1
2023,CRC,5,FRIDAY,8,08:00–09:00,False,206,2
2023,CRC,5,FRIDAY,9,09:00–10:00,False,141,1
2023,CRC,5,FRIDAY,10,10:00–11:00,False,140,0
2023,CRC,5,FRIDAY,11,11:00–12:00,False,177,2
2023,CRC,5,FRIDAY,12,12:00–13:00,False,223,2
2023,CRC,5,FRIDAY,13,13:00–14:00,False,199,3
2023,CRC,5,FRIDAY,14,14:00–15:00,False,256,4
2023,CRC,5,FRIDAY,15,15:00–16:00,False,370,4
2023,CRC,5,FRIDAY,16,16:00–17:00,False,342,8
2023,CRC,5,FRIDAY,17,17:00–18:00,False,297,2
2023,CRC,5,FRIDAY,18,18:00–19:00,False,203,4
2023,CRC,5,FRIDAY,19,19:00–20:00,False,142,2
2023,CRC,5,FRIDAY,20,20:00–21:00,False,94,2
2023,CRC,5,FRIDAY,21,21:00–22:00,False,88,5
2023,CRC,5,FRIDAY,22,22:00–23:00,False,67,3
2023,CRC,5,FRIDAY,23,23:00–24:00,True,71,2
2023,CRC,6,SATURDAY,0,00:00–01:00,False,38,2
2023,CRC,6,SATURDAY,1,01:00–02:00,False,29,0
2023,CRC,6,SATURDAY,2,02:00–03:00,False,40,2
2023,CRC,6,SATURDAY,3,03:00–04:00,False,23,0
2023,CRC,6,SATURDAY,4,04:00–05:00,False,23,1
2023,CRC,6,SATURDAY,5,05:00–06:00,False,15,1
2023,CRC,6,SATURDAY,6,06:00–07:00,False,27,0
2023,CRC,6,SATURDAY,7,07:00–08:00,False,39,1
2023,CRC,6,SATURDAY,8,08:00–09:00,False,57,1
2023,CRC,6,SATURDAY,9,09:00–10:00,False,100,1
2023,CRC,6,SATURDAY,10,10:00–11:00,False,116,0
2023,CRC,6,SATURDAY,11,11:00–12:00,False,155,0
2023,CRC,6,SATURDAY,12,12:00–13:00,False,184,4
2023,CRC,6,SATURDAY,13,13:00–14:00,False,187,2
2023,CRC,6,SATURDAY,14,14:00–15:00,False,167,4
2023,CRC,6,SATURDAY,15,15:00–16:00,False,177,4
2023,CRC,6,SATURDAY,16,16:00–17:00,False,147,0
2023,CRC,6,SATURDAY,17,17:00–18:00,False,167,1
2023,CRC,6,SATURDAY,18,18:00–19:00,False,138,5
2023,CRC,6,SATURDAY,19,19:00–20:00,False,98,3
2023,CRC,6,SATURDAY,20,20:00–21:00,False,74,3
2023,CRC,6,SATURDAY,21,21:00–22:00,False,70,1
2023,CRC,6,SATURDAY,22,22:00–23:00,False,67,1
2023,CRC,6,SATURDAY,23,23:00–24:00,True,73,1
2023,CRC,7,SUNDAY,0,00:00–01:00,False,43,2
2023,CRC,7,SUNDAY,1,01:00–02:00,False,47,3
2023,CRC,7,SUNDAY,2,02:00–03:00,False,35,5
2023,CRC,7,SUNDAY,3,03:00–04:00,False,30,2
2023,CRC,7,SUNDAY,4,04:00–05:00,False,19,2
2023,CRC,7,SUNDAY,5,05:00–06:00,False,26,0
2023,CRC,7,SUNDAY,6,06:00–07:00,False,29,0
2023,CRC,7,SUNDAY,7,07:00–08:00,False,26,0
2023,CRC,7,SUNDAY,8,08:00–09:00,False,28,0
2023,CRC,7,SUNDAY,9,09:00–10:00,False,78,0
2023,CRC,7,SUNDAY,10,10:00–11:00,False,103,2
2023,CRC,7,SUNDAY,11,11:00–12:00,False,120,0
2023,CRC,7,SUNDAY,12,12:00–13:00,False,144,1
2023,CRC,7,SUNDAY,13,13:00–14:00,False,155,1
2023,CRC,7,SUNDAY,14,14:00–15:00,False,162,4
2023,CRC,7,SUNDAY,15,15:00–16:00,False,162,1
2023,CRC,7,SUNDAY,16,16:00–17:00,False,131,2
2023,CRC,7,SUNDAY,17,17:00–18:00,False,118,6
2023,CRC,7,SUNDAY,18,18:00–19:00,False,120,2
2023,CRC,7,SUNDAY,19,19:00–20:00,False,88,2
2023,CRC,7,SUNDAY,20,20:00–21:00,False,72,0
2023,CRC,7,SUNDAY,21,21:00–22:00,False,47,2
2023,CRC,7,SUNDAY,22,22:00–23:00,False,40,3
2023,CRC,7,SUNDAY,23,23:00–24:00,True,45,4
