year,month,month_name,month_start,reporting_period,collisions,fatal_serious_collisions,same_month_other_years_avg,ratio_to_other_years,is_outlier_month
2019,1,JANUARY,2019-01-01,Pre-CRC (police reports),2335,22,2043.0,1.14,False
2019,2,FEBRUARY,2019-02-01,Pre-CRC (police reports),3721,18,1695.8,2.19,True
2019,3,MARCH,2019-03-01,Pre-CRC (police reports),1989,18,1347.5,1.48,False
2019,4,APRIL,2019-04-01,Pre-CRC (police reports),1226,16,995.5,1.23,False
2019,5,MAY,2019-05-01,Pre-CRC (police reports),1352,16,1155.0,1.17,False
2019,6,JUNE,2019-06-01,Pre-CRC (police reports),1412,31,1381.3,1.02,False
2019,7,JULY,2019-07-01,Pre-CRC (police reports),1407,27,1312.0,1.07,False
2019,8,AUGUST,2019-08-01,Pre-CRC (police reports),1391,26,1392.8,1.0,False
2019,9,SEPTEMBER,2019-09-01,Pre-CRC (police reports),1605,17,1535.5,1.05,False
2019,10,OCTOBER,2019-10-01,Pre-CRC (police reports),1612,31,1547.8,1.04,False
2019,11,NOVEMBER,2019-11-01,Pre-CRC (police reports),1918,16,1758.0,1.09,False
2019,12,DECEMBER,2019-12-01,Pre-CRC (police reports),1975,20,2178.0,0.91,False
2020,1,JANUARY,2020-01-01,Pre-CRC (police reports),2883,16,1906.0,1.51,True
2020,2,FEBRUARY,2020-02-01,Pre-CRC (police reports),2167,8,2084.3,1.04,False
2020,3,MARCH,2020-03-01,Pre-CRC (police reports),1131,15,1562.0,0.72,False
2020,4,APRIL,2020-04-01,Pre-CRC (police reports),516,9,1173.0,0.44,False
2020,5,MAY,2020-05-01,Pre-CRC (police reports),662,19,1327.5,0.5,False
2020,6,JUNE,2020-06-01,Pre-CRC (police reports),969,23,1492.0,0.65,False
2020,7,JULY,2020-07-01,Pre-CRC (police reports),1056,25,1399.8,0.75,False
2020,8,AUGUST,2020-08-01,Pre-CRC (police reports),1096,17,1466.5,0.75,False
2020,9,SEPTEMBER,2020-09-01,Pre-CRC (police reports),1207,20,1635.0,0.74,False
2020,10,OCTOBER,2020-10-01,Pre-CRC (police reports),1269,16,1633.5,0.78,False
2020,11,NOVEMBER,2020-11-01,Pre-CRC (police reports),1717,16,1808.3,0.95,False
2020,12,DECEMBER,2020-12-01,Pre-CRC (police reports),1131,17,2389.0,0.47,False
2021,1,JANUARY,2021-01-01,Pre-CRC (police reports),1328,19,2294.8,0.58,False
2021,2,FEBRUARY,2021-02-01,Pre-CRC (police reports),1470,12,2258.5,0.65,False
2021,3,MARCH,2021-03-01,Pre-CRC (police reports),1006,16,1593.3,0.63,False
2021,4,APRIL,2021-04-01,Pre-CRC (police reports),977,14,1057.8,0.92,False
2021,5,MAY,2021-05-01,Pre-CRC (police reports),956,14,1254.0,0.76,False
2021,6,JUNE,2021-06-01,Pre-CRC (police reports),1357,33,1395.0,0.97,False
2021,7,JULY,2021-07-01,Pre-CRC (police reports),1264,38,1347.8,0.94,False
2021,8,AUGUST,2021-08-01,Pre-CRC (police reports),1327,23,1408.8,0.94,False
2021,9,SEPTEMBER,2021-09-01,Pre-CRC (police reports),1483,27,1566.0,0.95,False
2021,10,OCTOBER,2021-10-01,Pre-CRC (police reports),1572,18,1557.8,1.01,False
2021,11,NOVEMBER,2021-11-01,Pre-CRC (police reports),1747,16,1800.8,0.97,False
2021,12,DECEMBER,2021-12-01,Pre-CRC (police reports),2876,15,1952.8,1.47,False
2022,1,JANUARY,2022-01-01,Transition (CRC from Sep 2022),2262,14,2061.3,1.1,False
2022,2,FEBRUARY,2022-02-01,Transition (CRC from Sep 2022),1561,12,2235.8,0.7,False
2022,3,MARCH,2022-03-01,Transition (CRC from Sep 2022),1625,22,1438.5,1.13,False
2022,4,APRIL,2022-04-01,Transition (CRC from Sep 2022),1182,9,1006.5,1.17,False
2022,5,MAY,2022-05-01,Transition (CRC from Sep 2022),1416,27,1139.0,1.24,False
2022,6,JUNE,2022-06-01,Transition (CRC from Sep 2022),1576,29,1340.3,1.18,False
2022,7,JULY,2022-07-01,Transition (CRC from Sep 2022),1439,35,1304.0,1.1,False
2022,8,AUGUST,2022-08-01,Transition (CRC from Sep 2022),1639,39,1330.8,1.23,False
2022,9,SEPTEMBER,2022-09-01,Transition (CRC from Sep 2022),1681,36,1516.5,1.11,False
2022,10,OCTOBER,2022-10-01,Transition (CRC from Sep 2022),1322,33,1620.3,0.82,False
2022,11,NOVEMBER,2022-11-01,Transition (CRC from Sep 2022),1762,24,1797.0,0.98,False
2022,12,DECEMBER,2022-12-01,Transition (CRC from Sep 2022),2697,34,1997.5,1.35,False
2023,1,JANUARY,2023-01-01,CRC,1699,24,2202.0,0.77,False
2023,2,FEBRUARY,2023-02-01,CRC,1585,17,2229.8,0.71,False
2023,3,MARCH,2023-03-01,CRC,1628,18,1437.8,1.13,False
2023,4,APRIL,2023-04-01,CRC,1307,21,975.3,1.34,False
2023,5,MAY,2023-05-01,CRC,1586,33,1096.5,1.45,False
2023,6,JUNE,2023-06-01,CRC,1623,34,1328.5,1.22,False
2023,7,JULY,2023-07-01,CRC,1489,25,1291.5,1.15,False
2023,8,AUGUST,2023-08-01,CRC,1509,29,1363.3,1.11,False
2023,9,SEPTEMBER,2023-09-01,CRC,1771,35,1494.0,1.19,False
2023,10,OCTOBER,2023-10-01,CRC,2028,30,1443.8,1.4,False
2023,11,NOVEMBER,2023-11-01,CRC,1806,30,1786.0,1.01,False
2023,12,DECEMBER,2023-12-01,CRC,2008,29,2169.8,0.93,False
