location_key,location_group,location_name,years_listed,first_year_listed,last_year_listed,collisions_in_listed_years,avg_collisions_per_listed_year,best_rank,years_in_top_10
100 AVENUE NW & 170S STREET NW,Intersection,100 AVENUE NW & 170S STREET NW,1,2020,2020,22,22.0,45,0
100 AVENUE NW & 178 STREET NW,Intersection,100 AVENUE NW & 178 STREET NW,5,2019,2023,161,32.2,17,0
102 STREET NW NORTH OF 13 AVENUE NW,Midblock,102 STREET NW NORTH OF 13 AVENUE NW,1,2021,2021,6,6.0,41,0
104 AVENUE NW & 109 STREET NW,Intersection,104 AVENUE NW & 109 STREET NW,5,2019,2023,154,30.8,25,0
106 STREET NW BETWEEN 97-98 AVENUE NW,Midblock,106 STREET NW BETWEEN 97-98 AVENUE NW,1,2020,2020,7,7.0,19,0
107 AVENUE NW & 109 STREET NW,Intersection,107 AVENUE NW & 109 STREET NW,1,2023,2023,27,27.0,50,0
107 AVENUE NW & 142 STREET NW,Intersection,107 AVENUE NW & 142 STREET NW,5,2019,2023,449,89.8,1,4
107 AVENUE NW BETWEEN 120-122 STREET NW,Midblock,107 AVENUE NW BETWEEN 120-122 STREET NW,1,2020,2020,6,6.0,29,0
107 STREET NW & YELLOWHEAD TRAIL NW,Intersection,YELLOWHEAD TRAIL NW & 107 STREET NW,4,2019,2023,124,31.0,18,0
109 STREET NW & 111 AVENUE NW,Intersection,111 AVENUE NW & 109 STREET NW,4,2019,2022,133,33.3,19,0
109 STREET NW & 82 AVENUE NW,Intersection,82 AVENUE NW & 109 STREET NW,2,2019,2020,60,30.0,23,0
109 STREET NW & 88 AVENUE NW,Intersection,88 AVENUE NW & 109 STREET NW,1,2019,2019,30,30.0,46,0
109 STREET NW BETWEEN 100-JASPER AVENUE NW,Midblock,109 STREET NW BETWEEN 100-JASPER AVENUE NW,1,2019,2019,9,9.0,34,0
109 STREET NW BETWEEN 107-108 AVENUE NW,Midblock,109 STREET NW BETWEEN 107-108 AVENUE NW,1,2022,2022,7,7.0,36,0
109 STREET NW BETWEEN 88 AVENUE NW-HIGH LEVEL BRIDGE,Midblock,109 STREET NW BETWEEN 88 AVENUE NW-HIGH LEVEL BRIDGE,2,2019,2021,20,10.0,15,0
109 STREET NW BETWEEN 97-99 AVENUE NW,Midblock,109 STREET NW BETWEEN 97-99 AVENUE NW,4,2019,2023,35,8.8,26,0
109W STREET NW & PRINCESS ELIZABETH AVENUE NW,Intersection,PRINCESS ELIZABETH AVENUE NW & 109W STREET NW,2,2020,2023,49,24.5,46,0
111 AVENUE NW & 149 STREET NW,Intersection,111 AVENUE NW & 149 STREET NW,1,2020,2020,23,23.0,39,0
111 AVENUE NW & GROAT ROAD NW,Intersection,111 AVENUE NW & GROAT ROAD NW,5,2019,2023,170,34.0,13,0
111 AVENUE NW BETWEEN 135-142 STREET NW,Midblock,111 AVENUE NW BETWEEN 135-142 STREET NW,1,2023,2023,11,11.0,42,0
111 STREET NW & 23 AVENUE NW,Intersection,23 AVENUE NW & 111 STREET NW,4,2019,2023,130,32.5,13,0
111 STREET NW BETWEEN 19-23 AVENUE NW,Midblock,111 STREET NW BETWEEN 19-23 AVENUE NW,2,2020,2022,19,9.5,8,1
112 AVENUE NW & 82 STREET NW,Intersection,112 AVENUE NW & 82 STREET NW,1,2019,2019,31,31.0,44,0
113A STREET NW & 137 AVENUE NW,Intersection,137 AVENUE NW & 113A STREET NW,3,2020,2023,85,28.3,32,0
118 AVENUE NW & 170 STREET NW,Intersection,118 AVENUE NW & 170 STREET NW,2,2021,2022,54,27.0,47,0
118 AVENUE NW & 97 STREET NW,Intersection,118 AVENUE NW & 97 STREET NW,5,2019,2023,225,45.0,7,3
118 AVENUE NW & GROAT ROAD NW,Intersection,118 AVENUE NW & GROAT ROAD NW,5,2019,2023,254,50.8,4,4
118 AVENUE NW BETWEEN 34-36 STREET NW,Midblock,118 AVENUE NW BETWEEN 34-36 STREET NW,2,2020,2021,11,5.5,41,0
121 STREET NW & KINGSWAY AVENUE NW,Intersection,KINGSWAY AVENUE NW & 121 STREET NW,1,2019,2019,30,30.0,46,0
121 STREET NW & YELLOWHEAD TRAIL NW,Intersection,YELLOWHEAD TRAIL NW & 121 STREET NW,5,2019,2023,220,44.0,4,2
122 AVENUE NW & 97 STREET NW,Intersection,122 AVENUE NW & 97 STREET NW,1,2023,2023,32,32.0,34,0
124 STREET NW BETWEEN JASPER AVENUE-102 AVENUE NW,Midblock,124 STREET NW BETWEEN JASPER AVENUE-102 AVENUE NW,1,2020,2020,5,5.0,47,0
127 AVENUE NW & 82 STREET NW,Intersection,127 AVENUE NW & 82 STREET NW,2,2022,2023,61,30.5,35,0
127 AVENUE NW & 97 STREET NW,Intersection,127 AVENUE NW & 97 STREET NW,5,2019,2023,165,33.0,15,0
127 STREET NW & 137 AVENUE NW,Intersection,137 AVENUE NW & 127 STREET NW,4,2020,2023,112,28.0,30,0
127 STREET NW & 153 AVENUE NW,Intersection,153 AVENUE NW & 127 STREET NW,5,2019,2023,181,36.2,11,0
127 STREET NW & 167 AVENUE NW,Intersection,167 AVENUE NW & 127 STREET NW,4,2019,2022,123,30.8,21,0
127 STREET NW & YELLOWHEAD TRAIL NW,Intersection,YELLOWHEAD TRAIL NW & 127 STREET NW,5,2019,2023,296,59.2,1,4
127 STREET NW BETWEEN 132-133A AVENUE NW,Midblock,127 STREET NW BETWEEN 132-133A AVENUE NW,1,2020,2020,5,5.0,47,0
127 STREET NW BETWEEN 137-140 AVENUE NW,Midblock,127 STREET NW BETWEEN 137-140 AVENUE NW,1,2020,2020,9,9.0,6,1
127 STREET NW BETWEEN 140-142 AVENUE NW,Midblock,127 STREET NW BETWEEN 140-142 AVENUE NW,1,2021,2021,6,6.0,41,0
127 STREET NW BETWEEN 167 AVENUE-RAPPERSWILL DRIVE NW,Midblock,127 STREET NW BETWEEN 167 AVENUE-RAPPERSWILL DRIVE NW,1,2020,2020,5,5.0,47,0
137 AVENUE NW & 50 STREET NW,Intersection,137 AVENUE NW & 50 STREET NW,5,2019,2023,215,43.0,7,1
137 AVENUE NW & 66 STREET NW,Intersection,137 AVENUE NW & 66 STREET NW,4,2020,2023,120,30.0,23,0
137 AVENUE NW & 82 STREET NW,Intersection,137 AVENUE NW & 82 STREET NW,5,2019,2023,180,36.0,12,0
137 AVENUE NW & 97 STREET NW,Intersection,137 AVENUE NW & 97 STREET NW,5,2019,2023,190,38.0,12,0
137 AVENUE NW & ST. ALBERT TRAIL NW,Intersection,137 AVENUE NW & ST. ALBERT TRAIL NW,3,2019,2022,96,32.0,21,0
137 AVENUE NW BETWEEN 42-50 STREET NW,Midblock,137 AVENUE NW BETWEEN 42-50 STREET NW,1,2020,2020,7,7.0,19,0
137 AVENUE NW BETWEEN 93-97 STREET NW,Midblock,137 AVENUE NW BETWEEN 93-97 STREET NW,3,2021,2023,40,13.3,8,2
137 AVENUE NW BETWEEN VICTORIA TRAIL NW-34 STREET NW,Midblock,137 AVENUE NW BETWEEN VICTORIA TRAIL NW-34 STREET NW,1,2022,2022,12,12.0,11,0
142 STREET NW & STONY PLAIN ROAD NW,Intersection,STONY PLAIN ROAD NW & 142 STREET NW,2,2019,2021,58,29.0,37,0
142 STREET NW & YELLOWHEAD TRAIL NW,Intersection,YELLOWHEAD TRAIL NW & 142 STREET NW,1,2021,2021,28,28.0,33,0
149 STREET NW & 87 AVENUE NW,Intersection,87 AVENUE NW & 149 STREET NW,3,2019,2022,104,34.7,14,0
149 STREET NW & YELLOWHEAD TRAIL NW,Intersection,YELLOWHEAD TRAIL NW & 149 STREET NW,4,2019,2022,289,72.3,1,4
153 AVENUE NW & 66 STREET NW,Intersection,153 AVENUE NW & 66 STREET NW,3,2019,2023,84,28.0,39,0
153 AVENUE NW & 82 STREET NW,Intersection,153 AVENUE NW & 82 STREET NW,3,2021,2023,89,29.7,35,0
153 AVENUE NW & 97 STREET NW,Intersection,153 AVENUE NW & 97 STREET NW,5,2019,2023,201,40.2,10,2
153 AVENUE NW BETWEEN 82-88 STREET NW,Midblock,153 AVENUE NW BETWEEN 82-88 STREET NW,1,2020,2020,5,5.0,47,0
153 AVENUE NW BETWEEN CASTLE DOWNS ROAD NW-121 STREET NW,Midblock,153 AVENUE NW BETWEEN CASTLE DOWNS ROAD NW-121 STREET NW,2,2021,2023,17,8.5,41,0
156 STREET NW BETWEEN 111-112 AVENUE NW,Midblock,156 STREET NW BETWEEN 111-112 AVENUE NW,1,2020,2020,5,5.0,47,0
156 STREET NW BETWEEN 128-131 AVENUE NW,Midblock,156 STREET NW BETWEEN 128-131 AVENUE NW,1,2021,2021,6,6.0,41,0
160 AVENUE NW BETWEEN 95-97 STREET NW,Midblock,160 AVENUE NW BETWEEN 95-97 STREET NW,2,2020,2021,12,6.0,29,0
167 AVENUE NW & 66 STREET NW,Intersection,167 AVENUE NW & 66 STREET NW,4,2019,2023,126,31.5,16,0
167 AVENUE NW & 82 STREET NW,Intersection,167 AVENUE NW & 82 STREET NW,4,2020,2023,133,33.3,19,0
167 AVENUE NW & 97 STREET NW,Intersection,167 AVENUE NW & 97 STREET NW,5,2019,2023,298,59.6,1,3
167 AVENUE NW BETWEEN 76-82 STREET NW,Midblock,167 AVENUE NW BETWEEN 76-82 STREET NW,1,2021,2021,6,6.0,41,0
167 AVENUE NW BTWEEN76-82 STREET NW,Midblock,167 AVENUE NW BTWEEN76-82 STREET NW,1,2020,2020,7,7.0,19,0
17 STREET NW & 38 AVENUE NW,Intersection,38 AVENUE NW & 17 STREET NW,2,2021,2022,54,27.0,47,0
17 STREET NW BETWEEN 23-28 AVENUE NW,Midblock,17 STREET NW BETWEEN 23-28 AVENUE NW,3,2020,2023,32,10.7,11,0
17 STREET NW BETWEEN SILVER BERRY ROAD NW-34 AVENUE NW,Midblock,17 STREET NW BETWEEN SILVER BERRY ROAD NW-34 AVENUE NW,1,2019,2019,9,9.0,34,0
17 STREET NW BETWEEN SILVERBERRY ROAD NW-34 AVENUE NW,Midblock,17 STREET NW BETWEEN SILVERBERRY ROAD NW-34 AVENUE NW,1,2023,2023,13,13.0,26,0
17 STREET NW NORTH OF WHITEMUD DRIVE NW WESTBOUND,Midblock,17 STREET NW NORTH OF WHITEMUD DRIVE NW WESTBOUND,1,2021,2021,8,8.0,21,0
170 STREET NORTHBOUND SW & WINDERMERE BOULEVARD SW,Intersection,WINDERMERE BOULEVARD SW & 170 STREET NORTHBOUND SW,1,2022,2022,39,39.0,26,0
170 STREET NW & 87 AVENUE NW,Intersection,87 AVENUE NW & 170 STREET NW,4,2019,2023,129,32.3,21,0
170 STREET NW & 90 AVENUE NW,Intersection,90 AVENUE NW & 170 STREET NW,1,2020,2020,21,21.0,50,0
170 STREET NW & 95 AVENUE NW,Intersection,95 AVENUE NW & 170 STREET NW,5,2019,2023,176,35.2,16,0
170 STREET NW & YELLOWHEAD TRAIL EASTBOUND NW,Intersection,YELLOWHEAD TRAIL EASTBOUND NW & 170 STREET NW,1,2020,2020,22,22.0,45,0
170 STREET NW & YELLOWHEAD TRAIL NW EASTBOUND,Intersection,YELLOWHEAD TRAIL NW EASTBOUND & 170 STREET NW,1,2023,2023,29,29.0,42,0
170 STREET NW BETWEEN 87-90 AVENUE NW,Midblock,170 STREET NW BETWEEN 87-90 AVENUE NW,1,2022,2022,9,9.0,20,0
170 STREET SW NORTHBOUND & WINDERMERE BOULEVARD SW,Intersection,WINDERMERE BOULEVARD SW & 170 STREET SW NORTHBOUND,2,2019,2023,78,39.0,13,0
170N STREET SW & WINDERMERE BOULEVARD SW,Intersection,WINDERMERE BOULEVARD SW & 170N STREET SW,1,2020,2020,27,27.0,25,0
170S STREET NW BETWEEN 100 AVENUE-STONY PLAIN ROAD NW,Midblock,170S STREET NW BETWEEN 100 AVENUE-STONY PLAIN ROAD NW,1,2020,2020,6,6.0,29,0
178 STREET NW & 87 AVENUE NW,Intersection,87 AVENUE NW & 178 STREET NW,3,2019,2023,113,37.7,21,0
178 STREET NW & STONY PLAIN ROAD,Intersection,STONY PLAIN ROAD & 178 STREET NW,1,2021,2021,27,27.0,37,0
178 STREET NW & WHITEMUD DRIVE NW EASTBOUND,Intersection,WHITEMUD DRIVE NW EASTBOUND & 178 STREET NW,1,2023,2023,32,32.0,34,0
178 STREET NW BETWEEN 98A-100 AVENUE NW,Midblock,178 STREET NW BETWEEN 98A-100 AVENUE NW,4,2020,2023,33,8.3,6,1
199 STREET NW & 62 AVENUE NW,Intersection,62 AVENUE NW & 199 STREET NW,1,2021,2021,26,26.0,41,0
23 AVENUE NW & 50 STREET NW,Intersection,23 AVENUE NW & 50 STREET NW,5,2019,2023,195,39.0,11,0
23 AVENUE NW & 66 STREET NW,Intersection,23 AVENUE NW & 66 STREET NW,3,2020,2022,85,28.3,30,0
23 AVENUE NW & 91 STREET NW,Intersection,23 AVENUE NW & 91 STREET NW,5,2019,2023,301,60.2,3,5
23 AVENUE NW & PARSONS ROAD NW,Intersection,23 AVENUE NW & PARSONS ROAD NW,1,2023,2023,28,28.0,46,0
23 AVENUE NW & RABBIT HILL ROAD NW,Intersection,23 AVENUE NW & RABBIT HILL ROAD NW,1,2019,2019,32,32.0,40,0
23 AVENUE NW & TERWILLEGAR DRIVE NORTHBOUND NW,Intersection,23 AVENUE NW & TERWILLEGAR DRIVE NORTHBOUND NW,1,2023,2023,29,29.0,42,0
23 AVENUE NW & TERWILLEGAR DRIVE NW NORTHBOUND,Intersection,23 AVENUE NW & TERWILLEGAR DRIVE NW NORTHBOUND,2,2019,2022,64,32.0,40,0
23 AVENUE NW & TERWILLEGAR DRIVE SOUTHBOUND NW,Intersection,23 AVENUE NW & TERWILLEGAR DRIVE SOUTHBOUND NW,1,2020,2020,25,25.0,32,0
23 AVENUE NW BETWEEN 119 STREET NW-MAGRATH ROAD/HODGSON WAY NW,Midblock,23 AVENUE NW BETWEEN 119 STREET NW-MAGRATH ROAD/HODGSON WAY NW,1,2023,2023,11,11.0,42,0
25 AVENUE SW & 91 STREET SW,Intersection,25 AVENUE SW & 91 STREET SW,1,2023,2023,38,38.0,22,0
34 AVENUE NW & 50 STREET NW,Intersection,34 AVENUE NW & 50 STREET NW,1,2019,2019,36,36.0,29,0
34 AVENUE NW & 91 STREET NW,Intersection,34 AVENUE NW & 91 STREET NW,5,2019,2023,236,47.2,7,3
34 AVENUE NW & 99 STREET NW,Intersection,34 AVENUE NW & 99 STREET NW,3,2020,2022,80,26.7,29,0
34 AVENUE NW & CALGARY TRAIL NW,Intersection,34 AVENUE NW & CALGARY TRAIL NW,5,2019,2023,248,49.6,6,4
34 AVENUE NW & GATEWAY BOULEVARD NW,Intersection,34 AVENUE NW & GATEWAY BOULEVARD NW,5,2019,2023,207,41.4,9,2
34 AVENUE NW BETWEEN 97-99 STREET NW,Midblock,34 AVENUE NW BETWEEN 97-99 STREET NW,2,2019,2020,15,7.5,29,0
34 AVENUE NW BETWEEN 99 STREET NW-GATEWAY BOULEVARD NW,Midblock,34 AVENUE NW BETWEEN 99 STREET NW-GATEWAY BOULEVARD NW,1,2021,2021,7,7.0,29,0
34 AVENUE NW BETWEEN 99 STREET-GATEWAY BOULEVARD NW,Midblock,34 AVENUE NW BETWEEN 99 STREET-GATEWAY BOULEVARD NW,1,2022,2022,7,7.0,36,0
50 STREET NW BETWEEN 131-134 AVENUE NW,Midblock,50 STREET NW BETWEEN 131-134 AVENUE NW,1,2020,2020,5,5.0,47,0
50 STREET NW BETWEEN 137 AVENUE-MANNING DRIVE EASTBOUND NW,Midblock,50 STREET NW BETWEEN 137 AVENUE-MANNING DRIVE EASTBOUND NW,1,2020,2020,5,5.0,47,0
50 STREET NW NB OVERPASS OF ANTHONY HENDAY DRIVE NW,Midblock,50 STREET NW NB OVERPASS OF ANTHONY HENDAY DRIVE NW,1,2022,2022,7,7.0,36,0
50 STREET SW NORTH OF 41 AVENUE SW,Midblock,50 STREET SW NORTH OF 41 AVENUE SW,1,2021,2021,10,10.0,11,0
51 AVENUE NW & 91 STREET NW,Intersection,51 AVENUE NW & 91 STREET NW,1,2019,2019,30,30.0,46,0
63 AVENUE NW & 99 STREET NW,Intersection,63 AVENUE NW & 99 STREET NW,3,2019,2023,89,29.7,29,0
63 AVENUE NW & GATEWAY BOULEVARD NW,Intersection,63 AVENUE NW & GATEWAY BOULEVARD NW,1,2023,2023,34,34.0,27,0
66 STREET NW & FORT ROAD NW,Intersection,FORT ROAD NW & 66 STREET NW,1,2021,2021,26,26.0,41,0
66 STREET NW & YELLOWHEAD TRAIL NW,Intersection,YELLOWHEAD TRAIL NW & 66 STREET NW,2,2021,2022,69,34.5,24,0
66 STREET NW BETWEEN 144-149 AVENUE NW,Midblock,66 STREET NW BETWEEN 144-149 AVENUE NW,1,2021,2021,6,6.0,41,0
66 STREET NW BETWEEN 23-28 AVENUE NW,Midblock,66 STREET NW BETWEEN 23-28 AVENUE NW,1,2020,2020,7,7.0,19,0
66 STREET SW & ELLERSLIE ROAD SW,Intersection,ELLERSLIE ROAD SW & 66 STREET SW,1,2021,2021,24,24.0,47,0
75 STREET NW & 82 AVENUE NW,Intersection,82 AVENUE NW & 75 STREET NW,3,2020,2022,102,34.0,13,0
75 STREET NW & 90 AVENUE NW,Intersection,90 AVENUE NW & 75 STREET NW,3,2020,2023,89,29.7,21,0
75 STREET NW & 98 AVENUE NW,Intersection,98 AVENUE NW & 75 STREET NW,5,2019,2023,189,37.8,13,0
75 STREET NW & ARGYLL ROAD NW,Intersection,ARGYLL ROAD NW & 75 STREET NW,2,2019,2020,75,37.5,11,0
75 STREET NW NORTH OF 101 AVENUE NW,Midblock,75 STREET NW NORTH OF 101 AVENUE NW,1,2021,2021,6,6.0,41,0
80 STREET NW BETWEEN 118 AVENUE NW-FORT ROAD NW,Midblock,80 STREET NW BETWEEN 118 AVENUE NW-FORT ROAD NW,1,2020,2020,8,8.0,11,0
82 AVENUE NW BETWEEN 105-106 STREET NW,Midblock,82 AVENUE NW BETWEEN 105-106 STREET NW,1,2022,2022,7,7.0,36,0
82 STREET NW & YELLOWHEAD TRAIL NW,Intersection,YELLOWHEAD TRAIL NW & 82 STREET NW,1,2023,2023,30,30.0,39,0
82 STREET NW BETWEEN YELLOWHEAD TRAIL NW-127 AVENUE NW,Midblock,82 STREET NW BETWEEN YELLOWHEAD TRAIL NW-127 AVENUE NW,2,2020,2023,21,10.5,11,0
85 STREET NW & 98 AVENUE NW,Intersection,98 AVENUE NW & 85 STREET NW,1,2023,2023,31,31.0,36,0
86 STREET/STADIUM ROAD NW BETWEEN MUTTART CROSSING-112 AVENUE NW,Midblock,86 STREET/STADIUM ROAD NW BETWEEN MUTTART CROSSING-112 AVENUE NW,1,2022,2022,14,14.0,4,1
87 AVENUE NW & 170 STREET NW BETWEEN 87-90 AVENUE NW,Midblock,87 AVENUE NW & 170 STREET NW BETWEEN 87-90 AVENUE NW,1,2019,2019,12,12.0,21,0
90 AVENUE NW BETWEEN 170-175 STREET NW,Midblock,90 AVENUE NW BETWEEN 170-175 STREET NW,4,2020,2023,36,9.0,13,0
91 STREET SW & ELLERSLIE ROAD SW,Intersection,ELLERSLIE ROAD SW & 91 STREET SW,1,2023,2023,29,29.0,42,0
97 AVENUE NW & ROSSDALE ROAD NW,Intersection,97 AVENUE NW & ROSSDALE ROAD NW,1,2023,2023,27,27.0,50,0
97 AVENUE NW BETWEEN 106-109 STREET NW,Midblock,97 AVENUE NW BETWEEN 106-109 STREET NW,1,2020,2020,5,5.0,47,0
97 STREET NW & YELLOWHEAD TRAIL NW,Intersection,YELLOWHEAD TRAIL NW & 97 STREET NW,5,2019,2023,328,65.6,2,5
97 STREET NW BETWEEN 125A-127 AVENUE NW,Midblock,97 STREET NW BETWEEN 125A-127 AVENUE NW,4,2019,2023,38,9.5,15,0
97 STREET NW BETWEEN 130-132 AVENUE NW,Midblock,97 STREET NW BETWEEN 130-132 AVENUE NW,1,2019,2019,13,13.0,15,0
97 STREET NW BETWEEN 135-137 AVENUE NW,Midblock,97 STREET NW BETWEEN 135-137 AVENUE NW,2,2019,2022,21,10.5,20,0
99 STREET NW BETWEEN 34-35 AVENUE NW,Midblock,99 STREET NW BETWEEN 34-35 AVENUE NW,1,2019,2019,8,8.0,45,0
99 STREET NW BETWEEN PARSONS ROAD NW-19 AVENUE NW,Midblock,99 STREET NW BETWEEN PARSONS ROAD NW-19 AVENUE NW,1,2019,2019,8,8.0,45,0
99 STREET NW BETWEEN PARSONS ROAD-19 AVENUE NW,Midblock,99 STREET NW BETWEEN PARSONS ROAD-19 AVENUE NW,1,2023,2023,14,14.0,19,0
ANTHONY HENDAY BRIDGE SOUTH,Midblock,ANTHONY HENDAY BRIDGE SOUTH,2,2022,2023,20,10.0,26,0
ANTHONY HENDAY DRIVE NORTHBOUND NW OFF-RAMP TO YELLOWHEAD TRAIL WESTBOUND NW,Midblock,ANTHONY HENDAY DRIVE NORTHBOUND NW OFF-RAMP TO YELLOWHEAD TRAIL WESTBOUND NW,1,2020,2020,5,5.0,47,0
ANTHONY HENDAY DRIVE NW BETWEEN 119 STREET-RABBIT HILL ROAD NW ON & OFF-RAMPS,Midblock,ANTHONY HENDAY DRIVE NW BETWEEN 119 STREET-RABBIT HILL ROAD NW ON & OFF-RAMPS,1,2019,2019,12,12.0,21,0
ANTHONY HENDAY DRIVE NW EASTBOUND BETWEEN ANTHONY HENDAY BRIDGE SOUTH AND 184 STREET NW OFF RAMP,Midblock,ANTHONY HENDAY DRIVE NW EASTBOUND BETWEEN ANTHONY HENDAY BRIDGE SOUTH AND 184 STREET NW OFF RAMP,1,2023,2023,23,23.0,4,1
ANTHONY HENDAY DRIVE NW EASTBOUND BETWEEN OFF AND OFF RAMPS TO 184 STREET/MASKEKOSIHK TRAIL NW,Midblock,ANTHONY HENDAY DRIVE NW EASTBOUND BETWEEN OFF AND OFF RAMPS TO 184 STREET/MASKEKOSIHK TRAIL NW,1,2022,2022,8,8.0,28,0
ANTHONY HENDAY DRIVE NW EASTBOUND BETWEEN OFF RAMP FROM 111 STREET NW-ON RAMP TO CALGARY TRAIL NW,Midblock,ANTHONY HENDAY DRIVE NW EASTBOUND BETWEEN OFF RAMP FROM 111 STREET NW-ON RAMP TO CALGARY TRAIL NW,2,2022,2023,32,16.0,6,1
ANTHONY HENDAY DRIVE NW EASTBOUND BETWEEN OFF RAMP FROM MARK MESSIER TRAIL NW AND ON RAMP TO CAMPBELL ROAD NW,Midblock,ANTHONY HENDAY DRIVE NW EASTBOUND BETWEEN OFF RAMP FROM MARK MESSIER TRAIL NW AND ON RAMP TO CAMPBELL ROAD NW,1,2023,2023,11,11.0,42,0
ANTHONY HENDAY DRIVE NW EASTBOUND BETWEEN ON AND OFF RAMPS TO 111 STREET NW,Midblock,ANTHONY HENDAY DRIVE NW EASTBOUND BETWEEN ON AND OFF RAMPS TO 111 STREET NW,1,2022,2022,13,13.0,8,1
ANTHONY HENDAY DRIVE NW EASTBOUND BETWEEN RABBIT HILL ROAD NW ON AND OFF-RAMPS,Midblock,ANTHONY HENDAY DRIVE NW EASTBOUND BETWEEN RABBIT HILL ROAD NW ON AND OFF-RAMPS,2,2021,2022,16,8.0,17,0
ANTHONY HENDAY DRIVE NW NORTHBOUND BETWEEN 130 AVENUE NW ON AND OFF RAMPS,Midblock,ANTHONY HENDAY DRIVE NW NORTHBOUND BETWEEN 130 AVENUE NW ON AND OFF RAMPS,1,2021,2021,7,7.0,29,0
ANTHONY HENDAY DRIVE NW NORTHBOUND BETWEEN OFF RAMP FROM 87 AVENUE NW AND ON RAMP TO 100 AVENUE NW EASTBOUND,Midblock,ANTHONY HENDAY DRIVE NW NORTHBOUND BETWEEN OFF RAMP FROM 87 AVENUE NW AND ON RAMP TO 100 AVENUE NW EASTBOUND,1,2023,2023,13,13.0,26,0
ANTHONY HENDAY DRIVE NW NORTHBOUND BETWEEN TERWILLEGAR DRIVE NW OFF RAMP AND ANTHONY HENDAY BRIDGE SOUTH,Midblock,ANTHONY HENDAY DRIVE NW NORTHBOUND BETWEEN TERWILLEGAR DRIVE NW OFF RAMP AND ANTHONY HENDAY BRIDGE SOUTH,2,2022,2023,59,29.5,1,1
ANTHONY HENDAY DRIVE NW NORTHBOUND BETWEEN TERWILLEGAR DRIVE NW ON AND OFF-RAMPS,Midblock,ANTHONY HENDAY DRIVE NW NORTHBOUND BETWEEN TERWILLEGAR DRIVE NW ON AND OFF-RAMPS,1,2023,2023,13,13.0,26,0
ANTHONY HENDAY DRIVE NW NORTHBOUND NORTH OF 87 AVENUE ON-RAMP,Midblock,ANTHONY HENDAY DRIVE NW NORTHBOUND NORTH OF 87 AVENUE ON-RAMP,1,2020,2020,6,6.0,29,0
ANTHONY HENDAY DRIVE NW NORTHBOUND NORTH OF CALLINGWOOD ROAD NW,Midblock,ANTHONY HENDAY DRIVE NW NORTHBOUND NORTH OF CALLINGWOOD ROAD NW,1,2019,2019,9,9.0,34,0
ANTHONY HENDAY DRIVE NW NORTHBOUND NORTH OF LESSARD ROAD NW OFF-RAMP,Midblock,ANTHONY HENDAY DRIVE NW NORTHBOUND NORTH OF LESSARD ROAD NW OFF-RAMP,1,2021,2021,6,6.0,41,0
ANTHONY HENDAY DRIVE NW SOUTHBOUND BETWEEN 109 AVENUE NW & OFF RAMP FROM YELLOWHEAD TRAIL NW TO ANTHONY HENDAY DRIVE NW SOUTHBOUND,Midblock,ANTHONY HENDAY DRIVE NW SOUTHBOUND BETWEEN 109 AVENUE NW & OFF RAMP FROM YELLOWHEAD TRAIL NW TO ANTHONY HENDAY DRIVE NW SOUTHBOUND,1,2023,2023,13,13.0,26,0
ANTHONY HENDAY DRIVE NW SOUTHBOUND BETWEEN 87 STREET NW OVERPASS-OFF RAMP TO WHITEMUD DRIVE NW,Midblock,ANTHONY HENDAY DRIVE NW SOUTHBOUND BETWEEN 87 STREET NW OVERPASS-OFF RAMP TO WHITEMUD DRIVE NW,1,2022,2022,8,8.0,28,0
ANTHONY HENDAY DRIVE NW SOUTHBOUND BETWEEN ANTHONY HENDAY BRIDGE SOUTH AND ON RAMP TO TERWILLEGAR DRIVE NW,Midblock,ANTHONY HENDAY DRIVE NW SOUTHBOUND BETWEEN ANTHONY HENDAY BRIDGE SOUTH AND ON RAMP TO TERWILLEGAR DRIVE NW,1,2023,2023,14,14.0,19,0
ANTHONY HENDAY DRIVE NW SOUTHBOUND BETWEEN ON AND OFF RAMPS TO WHITEMUD DRIVE NW,Midblock,ANTHONY HENDAY DRIVE NW SOUTHBOUND BETWEEN ON AND OFF RAMPS TO WHITEMUD DRIVE NW,1,2022,2022,7,7.0,36,0
ANTHONY HENDAY DRIVE NW SOUTHBOUND BETWEEN ON RAMP TO STONY PLAIN ROAD NW WESTBOUND AND 10 AVENUE NW,Midblock,ANTHONY HENDAY DRIVE NW SOUTHBOUND BETWEEN ON RAMP TO STONY PLAIN ROAD NW WESTBOUND AND 10 AVENUE NW,1,2023,2023,14,14.0,19,0
ANTHONY HENDAY DRIVE NW SOUTHBOUND BETWEEN TERWILLEGAR DRIVE NW ON AND OFF RAMPS,Midblock,ANTHONY HENDAY DRIVE NW SOUTHBOUND BETWEEN TERWILLEGAR DRIVE NW ON AND OFF RAMPS,1,2022,2022,11,11.0,14,0
ANTHONY HENDAY DRIVE NW SOUTHBOUND NORTH AND SOUTH OF YELLOWHEAD TRAIL NW OVERPASS,Midblock,ANTHONY HENDAY DRIVE NW SOUTHBOUND NORTH AND SOUTH OF YELLOWHEAD TRAIL NW OVERPASS,1,2021,2021,6,6.0,41,0
ANTHONY HENDAY DRIVE NW SOUTHBOUND NORTH OF TERWILLEGAR DRIVE OFF-RAMP-SOUTH ANTHONY HENDAY BRIDGE,Midblock,ANTHONY HENDAY DRIVE NW SOUTHBOUND NORTH OF TERWILLEGAR DRIVE OFF-RAMP-SOUTH ANTHONY HENDAY BRIDGE,1,2020,2020,8,8.0,11,0
ANTHONY HENDAY DRIVE NW SOUTHBOUND NORTH OF TERWILLEGAR DRIVE ON-RAMP,Midblock,ANTHONY HENDAY DRIVE NW SOUTHBOUND NORTH OF TERWILLEGAR DRIVE ON-RAMP,1,2021,2021,9,9.0,13,0
ANTHONY HENDAY DRIVE NW SOUTHBOUND NORTH OF WHITEMUD DRIVE NW,Midblock,ANTHONY HENDAY DRIVE NW SOUTHBOUND NORTH OF WHITEMUD DRIVE NW,1,2019,2019,11,11.0,26,0
ANTHONY HENDAY DRIVE NW SOUTHBOUND SOUTH OF 87 AVENUE NW OVERPASS,Midblock,ANTHONY HENDAY DRIVE NW SOUTHBOUND SOUTH OF 87 AVENUE NW OVERPASS,1,2020,2020,6,6.0,29,0
ANTHONY HENDAY DRIVE NW SOUTHBOUND SOUTH OF STONY PLAIN ROAD NW OVERPASS,Midblock,ANTHONY HENDAY DRIVE NW SOUTHBOUND SOUTH OF STONY PLAIN ROAD NW OVERPASS,1,2019,2019,9,9.0,34,0
ANTHONY HENDAY DRIVE NW SOUTHBOUND SOUTH OF TERWILLEGAR DRIVE ON-RAMP,Midblock,ANTHONY HENDAY DRIVE NW SOUTHBOUND SOUTH OF TERWILLEGAR DRIVE ON-RAMP,1,2021,2021,9,9.0,13,0
ANTHONY HENDAY DRIVE NW SW SOUTH OF 87 AVENUE NW,Midblock,ANTHONY HENDAY DRIVE NW SW SOUTH OF 87 AVENUE NW,1,2019,2019,11,11.0,26,0
ANTHONY HENDAY DRIVE NW WESTBOUND BETWEEN 111 STREET NW ON AND OFF RAMPS,Midblock,ANTHONY HENDAY DRIVE NW WESTBOUND BETWEEN 111 STREET NW ON AND OFF RAMPS,1,2022,2022,7,7.0,36,0
ANTHONY HENDAY DRIVE NW WESTBOUND BETWEEN MANNING DRIVE OFF RAMP-MANNING DRIVE OVERPASS,Midblock,ANTHONY HENDAY DRIVE NW WESTBOUND BETWEEN MANNING DRIVE OFF RAMP-MANNING DRIVE OVERPASS,1,2022,2022,7,7.0,36,0
ANTHONY HENDAY DRIVE NW WESTBOUND EAST AND WEST OF 111 STREET NW OVERPASS,Midblock,ANTHONY HENDAY DRIVE NW WESTBOUND EAST AND WEST OF 111 STREET NW OVERPASS,1,2021,2021,10,10.0,11,0
ANTHONY HENDAY DRIVE NW WESTBOUND EAST AND WEST OF RABBIT HILL ROAD NW OVERPASS,Midblock,ANTHONY HENDAY DRIVE NW WESTBOUND EAST AND WEST OF RABBIT HILL ROAD NW OVERPASS,1,2021,2021,9,9.0,13,0
ANTHONY HENDAY DRIVE NW WESTBOUND EAST OF 17 STREET NW OVERPASS,Midblock,ANTHONY HENDAY DRIVE NW WESTBOUND EAST OF 17 STREET NW OVERPASS,1,2022,2022,7,7.0,36,0
ANTHONY HENDAY DRIVE NW WESTBOUND FROM MERGE OFF CALGARY TRAIL NW TO OFF RAMP OF 111 STREET NW,Midblock,ANTHONY HENDAY DRIVE NW WESTBOUND FROM MERGE OFF CALGARY TRAIL NW TO OFF RAMP OF 111 STREET NW,1,2019,2019,13,13.0,15,0
ANTHONY HENDAY DRIVE NW WESTBOUND WEST OF 91 STREET NW OFF-RAMP,Midblock,ANTHONY HENDAY DRIVE NW WESTBOUND WEST OF 91 STREET NW OFF-RAMP,1,2021,2021,6,6.0,41,0
ANTHONY HENDAY DRIVE NW WESTBOUND WEST OF OLD 119 STREET NW ACCESS,Midblock,ANTHONY HENDAY DRIVE NW WESTBOUND WEST OF OLD 119 STREET NW ACCESS,2,2022,2023,20,10.0,26,0
ANTHONY HENDAY DRIVE SOUTHBOUND BETWEEN WHITEMUD DRIVE WESTBOUND ON-RAMP-WHITEMUD DRIVE EASTBOUND OFF-RAMP,Midblock,ANTHONY HENDAY DRIVE SOUTHBOUND BETWEEN WHITEMUD DRIVE WESTBOUND ON-RAMP-WHITEMUD DRIVE EASTBOUND OFF-RAMP,1,2020,2020,5,5.0,47,0
ANTHONY HENDAY DRIVE SW & RABBIT HILL ROAD SW,Intersection,ANTHONY HENDAY DRIVE SW & RABBIT HILL ROAD SW,1,2020,2020,24,24.0,36,0
ANTHONY HENDAY DRIVE SW EASTBOUND & RABBIT HILL ROAD SW,Intersection,ANTHONY HENDAY DRIVE SW EASTBOUND & RABBIT HILL ROAD SW,2,2019,2023,96,48.0,6,1
ANTHONY HENDAY DRIVE WESTBOUND NW EAST AND WEST OF 111 STREET OVERPASS NW,Midblock,ANTHONY HENDAY DRIVE WESTBOUND NW EAST AND WEST OF 111 STREET OVERPASS NW,1,2020,2020,5,5.0,47,0
ANTHONY HENDAY DRIVE WESTBOUND WO HIGHWAY 14 ON-RAMP,Midblock,ANTHONY HENDAY DRIVE WESTBOUND WO HIGHWAY 14 ON-RAMP,1,2021,2021,7,7.0,29,0
ANTHONY HENDAY NW NORTHBOUND BETWEEN TERWILLEGAR DRIVE NW ON AND OFF-RAMPS,Midblock,ANTHONY HENDAY NW NORTHBOUND BETWEEN TERWILLEGAR DRIVE NW ON AND OFF-RAMPS,2,2021,2022,20,10.0,4,1
BELGRAVIA ROAD NW BETWEEN 116 STREET NW-FOX DRIVE NW,Midblock,BELGRAVIA ROAD NW BETWEEN 116 STREET NW-FOX DRIVE NW,1,2022,2022,8,8.0,28,0
BEVERLY BRIDGE,Midblock,BEVERLY BRIDGE,2,2020,2021,11,5.5,41,0
CALGARY TRAIL NW BETWEEN 31-34 AVENUE NW,Midblock,CALGARY TRAIL NW BETWEEN 31-34 AVENUE NW,3,2020,2022,21,7.0,20,0
CALGARY TRAIL NW BETWEEN 34-39A AVENUE NW,Midblock,CALGARY TRAIL NW BETWEEN 34-39A AVENUE NW,5,2019,2023,109,21.8,1,5
CALGARY TRAIL NW BETWEEN 48-51 AVENUE NW,Midblock,CALGARY TRAIL NW BETWEEN 48-51 AVENUE NW,4,2019,2023,38,9.5,19,0
CALGARY TRAIL NW BETWEEN 51-55 AVENUE NW,Midblock,CALGARY TRAIL NW BETWEEN 51-55 AVENUE NW,1,2021,2021,6,6.0,41,0
CALGARY TRAIL NW BETWEEN ELLERSLIE ROAD SW ON RAMP-WHITEMUD DRIVE NW OFF RAMP,Midblock,CALGARY TRAIL NW BETWEEN ELLERSLIE ROAD SW ON RAMP-WHITEMUD DRIVE NW OFF RAMP,1,2022,2022,7,7.0,36,0
CALGARY TRAIL SW & ELLERSLIE ROAD SW,Intersection,ELLERSLIE ROAD SW & CALGARY TRAIL SW,3,2019,2023,96,32.0,20,0
CALGARY TRAIL SW SB BETWEEN ON-RAMP FROM ELLERSLIE ROAD-ON RAMP FROM ANTHONY HENDAY DRIVE NW,Midblock,CALGARY TRAIL SW SB BETWEEN ON-RAMP FROM ELLERSLIE ROAD-ON RAMP FROM ANTHONY HENDAY DRIVE NW,1,2020,2020,8,8.0,11,0
CALGARY TRAIL SW SOUTHBOUND BETWEEN ON RAMPS FROM ANTHONY HENDAY DRIVE NW AND ELLERSLIE ROAD SW,Midblock,CALGARY TRAIL SW SOUTHBOUND BETWEEN ON RAMPS FROM ANTHONY HENDAY DRIVE NW AND ELLERSLIE ROAD SW,1,2022,2022,11,11.0,14,0
CAPILANO BRIDGE,Midblock,CAPILANO BRIDGE,2,2019,2020,15,7.5,29,0
CASTLE DOWNS ROAD NW BETWEEN 153-157 AVENUE NW,Midblock,CASTLE DOWNS ROAD NW BETWEEN 153-157 AVENUE NW,1,2021,2021,6,6.0,41,0
CHAPPELLE BOULEVARD SW BETWEEN CAREY WAY-28 AVENUE SW,Midblock,CHAPPELLE BOULEVARD SW BETWEEN CAREY WAY-28 AVENUE SW,1,2020,2020,5,5.0,47,0
ELLERSLIE ROAD SW & JAMES MOWATT TRAIL SW,Intersection,ELLERSLIE ROAD SW & JAMES MOWATT TRAIL SW,4,2019,2022,133,33.3,14,0
ELLERSLIE ROAD SW & PARSONS ROAD SW,Intersection,ELLERSLIE ROAD SW & PARSONS ROAD SW,3,2019,2022,110,36.7,13,0
ELLERSLIE ROAD SW BETWEEN 109 STREET-JAMES MOWATT TRAIL SW,Midblock,ELLERSLIE ROAD SW BETWEEN 109 STREET-JAMES MOWATT TRAIL SW,1,2022,2022,7,7.0,36,0
ELLERSLIE ROAD SW BETWEEN 141 STREET SW-RABBIT HILL ROAD SW,Midblock,ELLERSLIE ROAD SW BETWEEN 141 STREET SW-RABBIT HILL ROAD SW,1,2023,2023,11,11.0,42,0
ELLERSLIE ROAD SW BETWEEN 85-91 STREET SW,Midblock,ELLERSLIE ROAD SW BETWEEN 85-91 STREET SW,1,2021,2021,7,7.0,29,0
ELLERSLIE ROAD SW BETWEEN 91 STREET-PARSONS ROAD SW,Midblock,ELLERSLIE ROAD SW BETWEEN 91 STREET-PARSONS ROAD SW,3,2019,2022,24,8.0,11,0
ELLERSLIE ROAD SW BETWEEN JAMES MOWATT TRAIL-119 STREET SW,Midblock,ELLERSLIE ROAD SW BETWEEN JAMES MOWATT TRAIL-119 STREET SW,1,2020,2020,5,5.0,47,0
ELLERSLIE ROAD SW BETWEEN PARSONS ROAD SW AND 100/101 STREET SW,Midblock,ELLERSLIE ROAD SW BETWEEN PARSONS ROAD SW AND 100/101 STREET SW,1,2021,2021,11,11.0,9,1
ELLERSLIE ROAD SW BETWEET91 STREET SW-PARSONS ROAD SW,Midblock,ELLERSLIE ROAD SW BETWEET91 STREET SW-PARSONS ROAD SW,1,2021,2021,8,8.0,21,0
FORT ROAD NW & YELLOWHEAD TRAIL NW,Intersection,YELLOWHEAD TRAIL NW & FORT ROAD NW,4,2019,2023,152,38.0,8,1
FORT ROAD NW SOUTH OF 126A AVENUE NW,Midblock,FORT ROAD NW SOUTH OF 126A AVENUE NW,1,2020,2020,5,5.0,47,0
FOX DRIVE NW BETWEEN BELGRAVIA ROAD-KEILLOR ROAD NW,Midblock,FOX DRIVE NW BETWEEN BELGRAVIA ROAD-KEILLOR ROAD NW,2,2022,2023,22,11.0,19,0
FOX DRIVE NW BETWEEN BELGRAVIA ROAD-KEILLOR TRAIL NW,Midblock,FOX DRIVE NW BETWEEN BELGRAVIA ROAD-KEILLOR TRAIL NW,1,2019,2019,14,14.0,10,1
FOX DRIVE NW BETWEEN KEILLOR-FORT EDMONTON PARK ROAD NW,Midblock,FOX DRIVE NW BETWEEN KEILLOR-FORT EDMONTON PARK ROAD NW,2,2019,2020,16,8.0,29,0
FOX DRIVE NW WEST OF BELGRAVIA ROAD NW,Midblock,FOX DRIVE NW WEST OF BELGRAVIA ROAD NW,1,2021,2021,9,9.0,13,0
GATEWAY BOULEVARD NB NORTH OF ANTHONY HENDAY DRIVE NW WESTBOUND OFF-RAMP,Midblock,GATEWAY BOULEVARD NB NORTH OF ANTHONY HENDAY DRIVE NW WESTBOUND OFF-RAMP,1,2021,2021,6,6.0,41,0
GATEWAY BOULEVARD NE BETWEEN 34-39A AVENUE NW,Midblock,GATEWAY BOULEVARD NE BETWEEN 34-39A AVENUE NW,1,2020,2020,7,7.0,19,0
GATEWAY BOULEVARD NW & WHITEMUD DRIVE EASTBOUND NW,Intersection,WHITEMUD DRIVE EASTBOUND NW & GATEWAY BOULEVARD NW,1,2020,2020,22,22.0,45,0
GATEWAY BOULEVARD NW & WHITEMUD DRIVE NW EASTBOUND,Intersection,WHITEMUD DRIVE NW EASTBOUND & GATEWAY BOULEVARD NW,3,2021,2023,107,35.7,22,0
GATEWAY BOULEVARD NW & WHITEMUD DRIVE NW WESTBOUND,Intersection,WHITEMUD DRIVE NW WESTBOUND & GATEWAY BOULEVARD NW,1,2019,2019,34,34.0,34,0
GATEWAY BOULEVARD NW BETWEEN 31-34 AVENUE NW,Midblock,GATEWAY BOULEVARD NW BETWEEN 31-34 AVENUE NW,4,2019,2023,48,12.0,6,1
GATEWAY BOULEVARD NW BETWEEN 34-39A AVENUE NW,Midblock,GATEWAY BOULEVARD NW BETWEEN 34-39A AVENUE NW,4,2019,2023,71,17.8,3,4
GATEWAY BOULEVARD NW BETWEEN 42 AVENUE NW-WHITEMUD DRIVE EASTBOUND,Midblock,GATEWAY BOULEVARD NW BETWEEN 42 AVENUE NW-WHITEMUD DRIVE EASTBOUND,1,2021,2021,7,7.0,29,0
GATEWAY BOULEVARD NW BETWEEN 48-51 AVENUE NW,Midblock,GATEWAY BOULEVARD NW BETWEEN 48-51 AVENUE NW,1,2020,2020,5,5.0,47,0
GATEWAY BOULEVARD NW BETWEEN OFF RAMP FROM ANTHONY HENDAY DRIVE NW WESTBOUND-19 AVENUE NW,Midblock,GATEWAY BOULEVARD NW BETWEEN OFF RAMP FROM ANTHONY HENDAY DRIVE NW WESTBOUND-19 AVENUE NW,1,2023,2023,12,12.0,36,0
GATEWAY BOULEVARD NW NORTHBOUND NORTH OF ON-RAMP FROM ANTHONY HENDAY DRIVE NW WESTBOUND,Midblock,GATEWAY BOULEVARD NW NORTHBOUND NORTH OF ON-RAMP FROM ANTHONY HENDAY DRIVE NW WESTBOUND,2,2019,2020,19,9.5,15,0
GRIERSON HILL ROAD NW WEST OF LOUISE MCKINNEY RIVERFRONT PARK PARKING LOT,Midblock,GRIERSON HILL ROAD NW WEST OF LOUISE MCKINNEY RIVERFRONT PARK PARKING LOT,1,2020,2020,5,5.0,47,0
GROAT BRIDGE,Midblock,GROAT BRIDGE,1,2022,2022,7,7.0,36,0
GROAT ROAD BETWEEN 111-114 AVENUE NW,Midblock,GROAT ROAD BETWEEN 111-114 AVENUE NW,1,2019,2019,9,9.0,34,0
GROAT ROAD NW BETWEEN 102 AVENUE NW & STONY PLAIN ROAD NW OVERPASSES,Midblock,GROAT ROAD NW BETWEEN 102 AVENUE NW & STONY PLAIN ROAD NW OVERPASSES,1,2021,2021,7,7.0,29,0
GROAT ROAD NW BETWEEN 102 AVENUE NW OVERPASS-STONY PLAIN ROAD NW OVERPASS,Midblock,GROAT ROAD NW BETWEEN 102 AVENUE NW OVERPASS-STONY PLAIN ROAD NW OVERPASS,1,2020,2020,5,5.0,47,0
GROAT ROAD NW BETWEEN 102 AVENUE NW-STONY PLAIN ROAD NW OVERPASSES,Midblock,GROAT ROAD NW BETWEEN 102 AVENUE NW-STONY PLAIN ROAD NW OVERPASSES,1,2023,2023,15,15.0,15,0
GROAT ROAD NW BETWEEN 102 AVENUE- STONY PLAIN ROAD NW OVERPASSES,Midblock,GROAT ROAD NW BETWEEN 102 AVENUE- STONY PLAIN ROAD NW OVERPASSES,1,2019,2019,13,13.0,15,0
GROAT ROAD NW BETWEEN 111-114 AVENUE NW,Midblock,GROAT ROAD NW BETWEEN 111-114 AVENUE NW,1,2020,2020,5,5.0,47,0
GROAT ROAD NW BETWEEN STONY PLAIN ROAD NW OVERPASS AND 107 AVENUE NW,Midblock,GROAT ROAD NW BETWEEN STONY PLAIN ROAD NW OVERPASS AND 107 AVENUE NW,1,2023,2023,14,14.0,19,0
GROAT ROAD NW BETWEEN STONY PLAIN ROAD NW-107 AVENUE NW OVERPASSES,Midblock,GROAT ROAD NW BETWEEN STONY PLAIN ROAD NW-107 AVENUE NW OVERPASSES,1,2021,2021,8,8.0,21,0
GROAT ROAD NW BETWEEN STONY PLAIN ROAD-107 AVENUE NW OVERPASSES,Midblock,GROAT ROAD NW BETWEEN STONY PLAIN ROAD-107 AVENUE NW OVERPASSES,2,2019,2020,19,9.5,19,0
GROAT ROAD NW BETWEEN VICTORIA PARK ROAD MERGE TO 102 AVENUE OVERPASS NW,Midblock,GROAT ROAD NW BETWEEN VICTORIA PARK ROAD MERGE TO 102 AVENUE OVERPASS NW,1,2020,2020,5,5.0,47,0
HEWES WAY NW BETWEEN 23-25 AVENUE NW,Midblock,HEWES WAY NW BETWEEN 23-25 AVENUE NW,1,2022,2022,8,8.0,28,0
HIGH LEVEL BRIDGE,Midblock,HIGH LEVEL BRIDGE,5,2019,2023,78,15.6,3,5
JAMES MOWATT TRAIL SW BETWEEN ELLERSLIE ROAD-5 AVENUE SW,Midblock,JAMES MOWATT TRAIL SW BETWEEN ELLERSLIE ROAD-5 AVENUE SW,1,2020,2020,5,5.0,47,0
JAMES MOWATT TRAIL SW BETWEEN RUTHERFORD ROAD SW-ELLERSLIE ROAD SW,Midblock,JAMES MOWATT TRAIL SW BETWEEN RUTHERFORD ROAD SW-ELLERSLIE ROAD SW,1,2020,2020,9,9.0,6,1
LOW LEVEL BRIDGE,Midblock,LOW LEVEL BRIDGE,2,2019,2020,20,10.0,10,1
MCDOUGALL HILL NW,Midblock,MCDOUGALL HILL NW,1,2019,2019,8,8.0,45,0
NORTHBOUND 170 STREET SW & WINDERMERE BOULEVARD SW,Intersection,WINDERMERE BOULEVARD SW & NORTHBOUND 170 STREET SW,1,2021,2021,27,27.0,37,0
PARSONS ROAD SW BETWEEN ELLERSLIE ROAD SW & ELLWOOD DRIVE SW,Midblock,PARSONS ROAD SW BETWEEN ELLERSLIE ROAD SW & ELLWOOD DRIVE SW,2,2019,2020,37,18.5,1,2
PARSONS ROAD SW BETWEEN ELLERSLIE ROAD SW-ELLWOOD DRIVE SW,Midblock,PARSONS ROAD SW BETWEEN ELLERSLIE ROAD SW-ELLWOOD DRIVE SW,1,2021,2021,8,8.0,21,0
PARSONS ROAD SW BETWEEN ELLERSLIE ROAD-ELLWOOD DRIVE SW,Midblock,PARSONS ROAD SW BETWEEN ELLERSLIE ROAD-ELLWOOD DRIVE SW,2,2022,2023,29,14.5,10,1
PARSONS ROAD SW NORTH OF ELLWOOD DRIVE SW,Midblock,PARSONS ROAD SW NORTH OF ELLWOOD DRIVE SW,1,2019,2019,15,15.0,8,1
PRINCESS ELIZABETH AVENUE NW BETWEEN 106-109 STREET (EAST INTERSECTION) NW,Midblock,PRINCESS ELIZABETH AVENUE NW BETWEEN 106-109 STREET (EAST INTERSECTION) NW,1,2023,2023,13,13.0,26,0
PRINCESS ELIZABETH AVENUE NW BETWEEN 106-109E STREET NW,Midblock,PRINCESS ELIZABETH AVENUE NW BETWEEN 106-109E STREET NW,1,2020,2020,6,6.0,29,0
QUEEN ELIZABETH PARK ROAD NW BETWEEN SASKATCHEWAN DRIVE-WALTERDALE HILL NW,Midblock,QUEEN ELIZABETH PARK ROAD NW BETWEEN SASKATCHEWAN DRIVE-WALTERDALE HILL NW,1,2022,2022,10,10.0,17,0
QUEEN ELIZABETH PARK ROAD NW NORTH OF SASKATCHEWAN DRIVE NW,Midblock,QUEEN ELIZABETH PARK ROAD NW NORTH OF SASKATCHEWAN DRIVE NW,3,2019,2021,30,10.0,9,1
QUESNELL BRIDGE,Midblock,QUESNELL BRIDGE,5,2019,2023,77,15.4,1,4
RABBIT HILL ROAD NW & WINDERMERE BOULEVARD SW,Intersection,WINDERMERE BOULEVARD SW & RABBIT HILL ROAD NW,1,2022,2022,57,57.0,6,1
RABBIT HILL ROAD NW BETWEEN TORY GATE NW-23 AVENUE NW,Midblock,RABBIT HILL ROAD NW BETWEEN TORY GATE NW-23 AVENUE NW,1,2019,2019,8,8.0,45,0
RABBIT HILL ROAD NW BETWEEN WINDERMERE BOULEVARD SW-ANTHONY HENDAY DRIVE NW WESTBOUND,Midblock,RABBIT HILL ROAD NW BETWEEN WINDERMERE BOULEVARD SW-ANTHONY HENDAY DRIVE NW WESTBOUND,1,2023,2023,12,12.0,36,0
RABBIT HILL ROAD SW & WINDERMERE BOULEVARD SW,Intersection,WINDERMERE BOULEVARD SW & RABBIT HILL ROAD SW,1,2021,2021,39,39.0,15,0
RAINBOW VALLEY BRIDGE,Midblock,RAINBOW VALLEY BRIDGE,1,2022,2022,9,9.0,20,0
RIVER VALLEY ROAD NW BETWEEN FORTWAY DRIVE-GROAT ROAD NW,Midblock,RIVER VALLEY ROAD NW BETWEEN FORTWAY DRIVE-GROAT ROAD NW,2,2019,2020,21,10.5,8,1
RIVER VALLEY ROAD NW WEST OF FORTWAY DRIVE NW,Midblock,RIVER VALLEY ROAD NW WEST OF FORTWAY DRIVE NW,1,2021,2021,9,9.0,13,0
SHERWOOD PARK FREEWAY NW BETWEEN 34-50 STREET NW,Midblock,SHERWOOD PARK FREEWAY NW BETWEEN 34-50 STREET NW,2,2021,2022,15,7.5,20,0
SHERWOOD PARK FREEWAY NW BETWEEN 50 STREET-71 AVENUE NW,Midblock,SHERWOOD PARK FREEWAY NW BETWEEN 50 STREET-71 AVENUE NW,1,2020,2020,5,5.0,47,0
SHERWOOD PARK FREEWAY NW WEST OF 50 STREET NW,Midblock,SHERWOOD PARK FREEWAY NW WEST OF 50 STREET NW,1,2021,2021,8,8.0,21,0
ST. ALBERT TRAIL NW BETWEEN 134-137 AVENUE NW,Midblock,ST. ALBERT TRAIL NW BETWEEN 134-137 AVENUE NW,1,2019,2019,9,9.0,34,0
STADIUM ROAD NW BETWEEN 92 STREET-112 AVENUE NW,Midblock,STADIUM ROAD NW BETWEEN 92 STREET-112 AVENUE NW,1,2020,2020,7,7.0,19,0
STONY PLAIN ROAD NW BETWEEN 170S-175 STREET NW,Midblock,STONY PLAIN ROAD NW BETWEEN 170S-175 STREET NW,1,2020,2020,9,9.0,6,1
STONY PLAIN ROAD NW BETWEEN 184-186 STREET NW,Midblock,STONY PLAIN ROAD NW BETWEEN 184-186 STREET NW,1,2023,2023,12,12.0,36,0
STONY PLAIN ROAD NW BETWEEN 186 STREET & OFF RAMP TO ANTHONY HENDAY DRIVE NW NORTHBOUND,Midblock,STONY PLAIN ROAD NW BETWEEN 186 STREET & OFF RAMP TO ANTHONY HENDAY DRIVE NW NORTHBOUND,1,2023,2023,12,12.0,36,0
STONY PLAIN ROAD NW BETWEEN 186 STREET-ANTHONY HENDAY DRIVE NW,Midblock,STONY PLAIN ROAD NW BETWEEN 186 STREET-ANTHONY HENDAY DRIVE NW,1,2019,2019,14,14.0,10,1
STONY PLAIN ROAD NW BETWEEN MAYFIELD ROAD NW-175 STREET NW,Midblock,STONY PLAIN ROAD NW BETWEEN MAYFIELD ROAD NW-175 STREET NW,1,2023,2023,12,12.0,36,0
VICTORIA PARK ROAD NW WEST OF 116 STREET NW,Midblock,VICTORIA PARK ROAD NW WEST OF 116 STREET NW,1,2021,2021,7,7.0,29,0
WALTERDALE BRIDGE,Midblock,WALTERDALE BRIDGE,3,2019,2021,34,11.3,3,1
WAYNE GRETZKY DRIVE NW NORTH OF ADA BOULEVARD OVERPASS-112 AVENUE NW ON & OFF-RAMPS,Midblock,WAYNE GRETZKY DRIVE NW NORTH OF ADA BOULEVARD OVERPASS-112 AVENUE NW ON & OFF-RAMPS,1,2020,2020,6,6.0,29,0
WAYNE GRETZKY DRIVE/FORT ROAD NW & YELLOWHEAD TRAIL NW,Intersection,YELLOWHEAD TRAIL NW & WAYNE GRETZKY DRIVE/FORT ROAD NW,1,2021,2021,59,59.0,4,1
WHITEMUD DRIVE NW BETWEEN 149-159 STREET NW,Midblock,WHITEMUD DRIVE NW BETWEEN 149-159 STREET NW,4,2019,2023,50,12.5,6,3
WHITEMUD DRIVE NW BETWEEN 178 STREET NW OFF RAMP AND ON RAMP TO ANTHONY HENDAY DRIVE NW NORTHBOUND,Midblock,WHITEMUD DRIVE NW BETWEEN 178 STREET NW OFF RAMP AND ON RAMP TO ANTHONY HENDAY DRIVE NW NORTHBOUND,1,2023,2023,12,12.0,36,0
WHITEMUD DRIVE NW BETWEEN FOX DRIVE ON AND OFF RAMPS,Midblock,WHITEMUD DRIVE NW BETWEEN FOX DRIVE ON AND OFF RAMPS,1,2022,2022,8,8.0,28,0
WHITEMUD DRIVE NW BETWEEN LEWIS ESTATES BOULEVARD NW-WINTERBURN ROAD NW,Midblock,WHITEMUD DRIVE NW BETWEEN LEWIS ESTATES BOULEVARD NW-WINTERBURN ROAD NW,1,2021,2021,7,7.0,29,0
WHITEMUD DRIVE NW BETWEEN LEWIS ESTATES BOULEVARD-WINTERBURN ROAD NW,Midblock,WHITEMUD DRIVE NW BETWEEN LEWIS ESTATES BOULEVARD-WINTERBURN ROAD NW,1,2020,2020,5,5.0,47,0
WHITEMUD DRIVE NW BETWEEN QUESNELL BRIDGE AND 149 STREET ON/OFF RAMPS,Midblock,WHITEMUD DRIVE NW BETWEEN QUESNELL BRIDGE AND 149 STREET ON/OFF RAMPS,3,2021,2023,60,20.0,1,3
WHITEMUD DRIVE NW BETWEEN QUESNELL BRIDGE-149 STREET NW ON & OFF RAMPS,Midblock,WHITEMUD DRIVE NW BETWEEN QUESNELL BRIDGE-149 STREET NW ON & OFF RAMPS,1,2019,2019,13,13.0,15,0
WHITEMUD DRIVE NW EASTBOUND BETWEEN 17 STREET NW OFF RAMP AND CITY BOUNDARY,Midblock,WHITEMUD DRIVE NW EASTBOUND BETWEEN 17 STREET NW OFF RAMP AND CITY BOUNDARY,1,2023,2023,11,11.0,42,0
WHITEMUD DRIVE NW EASTBOUND BETWEEN 76/86 STREET NW OVERPASS-91 STREET NW ON-RAMP,Midblock,WHITEMUD DRIVE NW EASTBOUND BETWEEN 76/86 STREET NW OVERPASS-91 STREET NW ON-RAMP,1,2019,2019,10,10.0,32,0
WHITEMUD DRIVE NW SOUTH OF QUESNELL BRIDGE,Midblock,WHITEMUD DRIVE NW SOUTH OF QUESNELL BRIDGE,1,2021,2021,6,6.0,41,0
WHITEMUD DRIVE NW SOUTH/EASTBOUND BETWEEN 53 AVENUE NW AND TERWILLEGAR DRIVE NW OFF-RAMPS,Midblock,WHITEMUD DRIVE NW SOUTH/EASTBOUND BETWEEN 53 AVENUE NW AND TERWILLEGAR DRIVE NW OFF-RAMPS,1,2021,2021,8,8.0,21,0
WHITEMUD DRIVE NW SOUTHBOUND BETWEEN ON RAMPS OF 53 AVENUE NW & TERWILLEGAR DRIVE NW,Midblock,WHITEMUD DRIVE NW SOUTHBOUND BETWEEN ON RAMPS OF 53 AVENUE NW & TERWILLEGAR DRIVE NW,2,2022,2023,20,10.0,20,0
WHITEMUD DRIVE NW SOUTHBOUND SOUTH OF 53 AVENUE NW ON-RAMP TO TERWILLEGAR CORNER,Midblock,WHITEMUD DRIVE NW SOUTHBOUND SOUTH OF 53 AVENUE NW ON-RAMP TO TERWILLEGAR CORNER,2,2019,2020,19,9.5,11,0
WHITEMUD DRIVE NW WEST OF 149 STREET NW,Midblock,WHITEMUD DRIVE NW WEST OF 149 STREET NW,1,2021,2021,6,6.0,41,0
WHITEMUD DRIVE NW WESTBOUND BETWEEN 106 STREET NW OVERPASS-OFF RAMP TO 111 STREET NW,Midblock,WHITEMUD DRIVE NW WESTBOUND BETWEEN 106 STREET NW OVERPASS-OFF RAMP TO 111 STREET NW,1,2022,2022,9,9.0,20,0
WHITEMUD DRIVE NW WESTBOUND BETWEEN 111 STREET WB W/111 STREET NW OFF RAMP-122 STREET NW ON RAMP,Midblock,WHITEMUD DRIVE NW WESTBOUND BETWEEN 111 STREET WB W/111 STREET NW OFF RAMP-122 STREET NW ON RAMP,2,2022,2023,28,14.0,5,1
WHITEMUD DRIVE NW WESTBOUND BETWEEN 122 STREET NW OFF RAMP & RAINBOW VALLEY BRIDGE,Midblock,WHITEMUD DRIVE NW WESTBOUND BETWEEN 122 STREET NW OFF RAMP & RAINBOW VALLEY BRIDGE,1,2023,2023,17,17.0,10,1
WHITEMUD DRIVE NW WESTBOUND BETWEEN OFF RAMP FROM 75 STREET NW AND ON RAMP TO 91 STREET NW,Midblock,WHITEMUD DRIVE NW WESTBOUND BETWEEN OFF RAMP FROM 75 STREET NW AND ON RAMP TO 91 STREET NW,1,2023,2023,11,11.0,42,0
WHITEMUD DRIVE NW WESTBOUND OFF RAMP TO TERWILLEGAR DRIVE NW,Midblock,WHITEMUD DRIVE NW WESTBOUND OFF RAMP TO TERWILLEGAR DRIVE NW,1,2019,2019,8,8.0,45,0
WHITEMUD DRIVE SOUTHBOUND NORTH OF 53 AVENUE NW OVERPASS,Midblock,WHITEMUD DRIVE SOUTHBOUND NORTH OF 53 AVENUE NW OVERPASS,1,2021,2021,7,7.0,29,0
WHITEMUD DRIVE WESTBOUND NW EAST OF ANTHONY HENDAY DRIVE NORTHBOUND ON-RAMP,Midblock,WHITEMUD DRIVE WESTBOUND NW EAST OF ANTHONY HENDAY DRIVE NORTHBOUND ON-RAMP,1,2020,2020,5,5.0,47,0
WINTERBURN ROAD NW BETWEEN GLASTONBURY BOULEVARD NW-CHIEF LAPOTAC BOULEVARD NW,Midblock,WINTERBURN ROAD NW BETWEEN GLASTONBURY BOULEVARD NW-CHIEF LAPOTAC BOULEVARD NW,1,2021,2021,8,8.0,21,0
YELLOWHEAD TRAIL EASTBOUND BETWEEN 156 STREET ON-RAMP-149 STREET NW,Midblock,YELLOWHEAD TRAIL EASTBOUND BETWEEN 156 STREET ON-RAMP-149 STREET NW,1,2020,2020,6,6.0,29,0
YELLOWHEAD TRAIL NW BETWEEN 107-121 STREET NW,Midblock,YELLOWHEAD TRAIL NW BETWEEN 107-121 STREET NW,4,2019,2023,56,14.0,2,3
YELLOWHEAD TRAIL NW BETWEEN 121-124 STREET NW,Midblock,YELLOWHEAD TRAIL NW BETWEEN 121-124 STREET NW,2,2019,2023,29,14.5,6,1
YELLOWHEAD TRAIL NW BETWEEN 124-127 STREET NW,Midblock,YELLOWHEAD TRAIL NW BETWEEN 124-127 STREET NW,1,2023,2023,15,15.0,15,0
YELLOWHEAD TRAIL NW BETWEEN 142-143 STREET NW,Midblock,YELLOWHEAD TRAIL NW BETWEEN 142-143 STREET NW,1,2019,2019,9,9.0,34,0
YELLOWHEAD TRAIL NW BETWEEN 143-149 STREET NW,Midblock,YELLOWHEAD TRAIL NW BETWEEN 143-149 STREET NW,2,2019,2020,13,6.5,45,0
YELLOWHEAD TRAIL NW BETWEEN 62-66 STREET NW,Midblock,YELLOWHEAD TRAIL NW BETWEEN 62-66 STREET NW,1,2021,2021,13,13.0,6,1
YELLOWHEAD TRAIL NW BETWEEN 97 STREET ON/RAMPS AND 97 STREET UNDERPASS,Midblock,YELLOWHEAD TRAIL NW BETWEEN 97 STREET ON/RAMPS AND 97 STREET UNDERPASS,1,2020,2020,7,7.0,19,0
YELLOWHEAD TRAIL NW EAST AND WESTBOUND BETWEEN 82 STREET OVERPASS AND 82 STREET NW ON AND OFF RAMPS,Midblock,YELLOWHEAD TRAIL NW EAST AND WESTBOUND BETWEEN 82 STREET OVERPASS AND 82 STREET NW ON AND OFF RAMPS,1,2022,2022,10,10.0,17,0
YELLOWHEAD TRAIL NW EASTBOUND BETWEEN 127 STREET-ST. ALBERT TRAIL NW,Midblock,YELLOWHEAD TRAIL NW EASTBOUND BETWEEN 127 STREET-ST. ALBERT TRAIL NW,2,2019,2020,21,10.5,10,1
YELLOWHEAD TRAIL NW EASTBOUND BETWEEN 215 STREET NW ON AND OFF RAMPS,Midblock,YELLOWHEAD TRAIL NW EASTBOUND BETWEEN 215 STREET NW ON AND OFF RAMPS,1,2021,2021,8,8.0,21,0
YELLOWHEAD TRAIL NW EASTBOUND WEST OF VICTORIA TRAIL OFF-RAMP NW,Midblock,YELLOWHEAD TRAIL NW EASTBOUND WEST OF VICTORIA TRAIL OFF-RAMP NW,1,2020,2020,6,6.0,29,0
YELLOWHEAD TRAIL NW WEST OF 82 AVENUE NW,Midblock,YELLOWHEAD TRAIL NW WEST OF 82 AVENUE NW,1,2019,2019,8,8.0,45,0
YELLOWHEAD TRAIL NW WEST OF 82 STREET NW,Midblock,YELLOWHEAD TRAIL NW WEST OF 82 STREET NW,1,2020,2020,5,5.0,47,0
YELLOWHEAD TRAIL NW WESTBOUND OFF-RAMP TO ANTHONY HENDAY DRIVE SOUTHBOUND NW,Midblock,YELLOWHEAD TRAIL NW WESTBOUND OFF-RAMP TO ANTHONY HENDAY DRIVE SOUTHBOUND NW,1,2020,2020,6,6.0,29,0
YELLOWHEAD TRAIL NW WESTBOUND WEST OF 127 STREET NW,Midblock,YELLOWHEAD TRAIL NW WESTBOUND WEST OF 127 STREET NW,1,2021,2021,6,6.0,41,0
